season,league,division,team
1985,MLB,AL-East,BAL
1985,MLB,AL-East,BOS
1985,MLB,AL-East,CLE
1985,MLB,AL-East,DET
1985,MLB,AL-East,MIL
1985,MLB,AL-East,NYA
1985,MLB,AL-East,TOR
1985,MLB,AL-West,CAL
1985,MLB,AL-West,CHA
1985,MLB,AL-West,KCA
1985,MLB,AL-West,MIN
1985,MLB,AL-West,OAK
1985,MLB,AL-West,SEA
1985,MLB,AL-West,TEX
1985,MLB,NL-East,CHN
1985,MLB,NL-East,MON
1985,MLB,NL-East,NYN
1985,MLB,NL-East,PHI
1985,MLB,NL-East,PIT
1985,MLB,NL-East,SLN
1985,MLB,NL-West,ATL
1985,MLB,NL-West,CIN
1985,MLB,NL-West,HOU
1985,MLB,NL-West,LAN
1985,MLB,NL-West,SDN
1985,MLB,NL-West,SFN
1986,MLB,AL-East,BAL
1986,MLB,AL-East,BOS
1986,MLB,AL-East,CLE
1986,MLB,AL-East,DET
1986,MLB,AL-East,MIL
1986,MLB,AL-East,NYA
1986,MLB,AL-East,TOR
1986,MLB,AL-West,CAL
1986,MLB,AL-West,CHA
1986,MLB,AL-West,KCA
1986,MLB,AL-West,MIN
1986,MLB,AL-West,OAK
1986,MLB,AL-West,SEA
1986,MLB,AL-West,TEX
1986,MLB,NL-East,CHN
1986,MLB,NL-East,MON
1986,MLB,NL-East,NYN
1986,MLB,NL-East,PHI
1986,MLB,NL-East,PIT
1986,MLB,NL-East,SLN
1986,MLB,NL-West,ATL
1986,MLB,NL-West,CIN
1986,MLB,NL-West,HOU
1986,MLB,NL-West,LAN
1986,MLB,NL-West,SDN
1986,MLB,NL-West,SFN
1987,MLB,AL-East,BAL
1987,MLB,AL-East,BOS
1987,MLB,AL-East,CLE
1987,MLB,AL-East,DET
1987,MLB,AL-East,MIL
1987,MLB,AL-East,NYA
1987,MLB,AL-East,TOR
1987,MLB,AL-West,CAL
1987,MLB,AL-West,CHA
1987,MLB,AL-West,KCA
1987,MLB,AL-West,MIN
1987,MLB,AL-West,OAK
1987,MLB,AL-West,SEA
1987,MLB,AL-West,TEX
1987,MLB,NL-East,CHN
1987,MLB,NL-East,MON
1987,MLB,NL-East,NYN
1987,MLB,NL-East,PHI
1987,MLB,NL-East,PIT
1987,MLB,NL-East,SLN
1987,MLB,NL-West,ATL
1987,MLB,NL-West,CIN
1987,MLB,NL-West,HOU
1987,MLB,NL-West,LAN
1987,MLB,NL-West,SDN
1987,MLB,NL-West,SFN
1988,MLB,AL-East,BAL
1988,MLB,AL-East,BOS
1988,MLB,AL-East,CLE
1988,MLB,AL-East,DET
1988,MLB,AL-East,MIL
1988,MLB,AL-East,NYA
1988,MLB,AL-East,TOR
1988,MLB,AL-West,CAL
1988,MLB,AL-West,CHA
1988,MLB,AL-West,KCA
1988,MLB,AL-West,MIN
1988,MLB,AL-West,OAK
1988,MLB,AL-West,SEA
1988,MLB,AL-West,TEX
1988,MLB,NL-East,CHN
1988,MLB,NL-East,MON
1988,MLB,NL-East,NYN
1988,MLB,NL-East,PHI
1988,MLB,NL-East,PIT
1988,MLB,NL-East,SLN
1988,MLB,NL-West,ATL
1988,MLB,NL-West,CIN
1988,MLB,NL-West,HOU
1988,MLB,NL-West,LAN
1988,MLB,NL-West,SDN
1988,MLB,NL-West,SFN
1989,MLB,AL-East,BAL
1989,MLB,AL-East,BOS
1989,MLB,AL-East,CLE
1989,MLB,AL-East,DET
1989,MLB,AL-East,MIL
1989,MLB,AL-East,NYA
1989,MLB,AL-East,TOR
1989,MLB,AL-West,CAL
1989,MLB,AL-West,CHA
1989,MLB,AL-West,KCA
1989,MLB,AL-West,MIN
1989,MLB,AL-West,OAK
1989,MLB,AL-West,SEA
1989,MLB,AL-West,TEX
1989,MLB,NL-East,CHN
1989,MLB,NL-East,MON
1989,MLB,NL-East,NYN
1989,MLB,NL-East,PHI
1989,MLB,NL-East,PIT
1989,MLB,NL-East,SLN
1989,MLB,NL-West,ATL
1989,MLB,NL-West,CIN
1989,MLB,NL-West,HOU
1989,MLB,NL-West,LAN
1989,MLB,NL-West,SDN
1989,MLB,NL-West,SFN
1990,MLB,AL-East,BAL
1990,MLB,AL-East,BOS
1990,MLB,AL-East,CLE
1990,MLB,AL-East,DET
1990,MLB,AL-East,MIL
1990,MLB,AL-East,NYA
1990,MLB,AL-East,TOR
1990,MLB,AL-West,CAL
1990,MLB,AL-West,CHA
1990,MLB,AL-West,KCA
1990,MLB,AL-West,MIN
1990,MLB,AL-West,OAK
1990,MLB,AL-West,SEA
1990,MLB,AL-West,TEX
1990,MLB,NL-East,CHN
1990,MLB,NL-East,MON
1990,MLB,NL-East,NYN
1990,MLB,NL-East,PHI
1990,MLB,NL-East,PIT
1990,MLB,NL-East,SLN
1990,MLB,NL-West,ATL
1990,MLB,NL-West,CIN
1990,MLB,NL-West,HOU
1990,MLB,NL-West,LAN
1990,MLB,NL-West,SDN
1990,MLB,NL-West,SFN
1991,MLB,AL-East,BAL
1991,MLB,AL-East,BOS
1991,MLB,AL-East,CLE
1991,MLB,AL-East,DET
1991,MLB,AL-East,MIL
1991,MLB,AL-East,NYA
1991,MLB,AL-East,TOR
1991,MLB,AL-West,CAL
1991,MLB,AL-West,CHA
1991,MLB,AL-West,KCA
1991,MLB,AL-West,MIN
1991,MLB,AL-West,OAK
1991,MLB,AL-West,SEA
1991,MLB,AL-West,TEX
1991,MLB,NL-East,CHN
1991,MLB,NL-East,MON
1991,MLB,NL-East,NYN
1991,MLB,NL-East,PHI
1991,MLB,NL-East,PIT
1991,MLB,NL-East,SLN
1991,MLB,NL-West,ATL
1991,MLB,NL-West,CIN
1991,MLB,NL-West,HOU
1991,MLB,NL-West,LAN
1991,MLB,NL-West,SDN
1991,MLB,NL-West,SFN
1992,MLB,AL-East,BAL
1992,MLB,AL-East,BOS
1992,MLB,AL-East,CLE
1992,MLB,AL-East,DET
1992,MLB,AL-East,MIL
1992,MLB,AL-East,NYA
1992,MLB,AL-East,TOR
1992,MLB,AL-West,CAL
1992,MLB,AL-West,CHA
1992,MLB,AL-West,KCA
1992,MLB,AL-West,MIN
1992,MLB,AL-West,OAK
1992,MLB,AL-West,SEA
1992,MLB,AL-West,TEX
1992,MLB,NL-East,CHN
1992,MLB,NL-East,MON
1992,MLB,NL-East,NYN
1992,MLB,NL-East,PHI
1992,MLB,NL-East,PIT
1992,MLB,NL-East,SLN
1992,MLB,NL-West,ATL
1992,MLB,NL-West,CIN
1992,MLB,NL-West,HOU
1992,MLB,NL-West,LAN
1992,MLB,NL-West,SDN
1992,MLB,NL-West,SFN
1993,MLB,AL-East,BAL
1993,MLB,AL-East,BOS
1993,MLB,AL-East,CLE
1993,MLB,AL-East,DET
1993,MLB,AL-East,MIL
1993,MLB,AL-East,NYA
1993,MLB,AL-East,TOR
1993,MLB,AL-West,CAL
1993,MLB,AL-West,CHA
1993,MLB,AL-West,KCA
1993,MLB,AL-West,MIN
1993,MLB,AL-West,OAK
1993,MLB,AL-West,SEA
1993,MLB,AL-West,TEX
1993,MLB,NL-East,CHN
1993,MLB,NL-East,FLO
1993,MLB,NL-East,MON
1993,MLB,NL-East,NYN
1993,MLB,NL-East,PHI
1993,MLB,NL-East,PIT
1993,MLB,NL-East,SLN
1993,MLB,NL-West,ATL
1993,MLB,NL-West,CIN
1993,MLB,NL-West,COL
1993,MLB,NL-West,HOU
1993,MLB,NL-West,LAN
1993,MLB,NL-West,SDN
1993,MLB,NL-West,SFN
1994,MLB,AL-Central,CHA
1994,MLB,AL-Central,CLE
1994,MLB,AL-Central,KCA
1994,MLB,AL-Central,MIL
1994,MLB,AL-Central,MIN
1994,MLB,AL-East,BAL
1994,MLB,AL-East,BOS
1994,MLB,AL-East,DET
1994,MLB,AL-East,NYA
1994,MLB,AL-East,TOR
1994,MLB,AL-West,CAL
1994,MLB,AL-West,OAK
1994,MLB,AL-West,SEA
1994,MLB,AL-West,TEX
1994,MLB,NL-Central,CHN
1994,MLB,NL-Central,CIN
1994,MLB,NL-Central,HOU
1994,MLB,NL-Central,PIT
1994,MLB,NL-Central,SLN
1994,MLB,NL-East,ATL
1994,MLB,NL-East,FLO
1994,MLB,NL-East,MON
1994,MLB,NL-East,NYN
1994,MLB,NL-East,PHI
1994,MLB,NL-West,COL
1994,MLB,NL-West,LAN
1994,MLB,NL-West,SDN
1994,MLB,NL-West,SFN
1995,MLB,AL-Central,CHA
1995,MLB,AL-Central,CLE
1995,MLB,AL-Central,KCA
1995,MLB,AL-Central,MIL
1995,MLB,AL-Central,MIN
1995,MLB,AL-East,BAL
1995,MLB,AL-East,BOS
1995,MLB,AL-East,DET
1995,MLB,AL-East,NYA
1995,MLB,AL-East,TOR
1995,MLB,AL-West,CAL
1995,MLB,AL-West,OAK
1995,MLB,AL-West,SEA
1995,MLB,AL-West,TEX
1995,MLB,NL-Central,CHN
1995,MLB,NL-Central,CIN
1995,MLB,NL-Central,HOU
1995,MLB,NL-Central,PIT
1995,MLB,NL-Central,SLN
1995,MLB,NL-East,ATL
1995,MLB,NL-East,FLO
1995,MLB,NL-East,MON
1995,MLB,NL-East,NYN
1995,MLB,NL-East,PHI
1995,MLB,NL-West,COL
1995,MLB,NL-West,LAN
1995,MLB,NL-West,SDN
1995,MLB,NL-West,SFN
1996,MLB,AL-Central,CHA
1996,MLB,AL-Central,CLE
1996,MLB,AL-Central,KCA
1996,MLB,AL-Central,MIL
1996,MLB,AL-Central,MIN
1996,MLB,AL-East,BAL
1996,MLB,AL-East,BOS
1996,MLB,AL-East,DET
1996,MLB,AL-East,NYA
1996,MLB,AL-East,TOR
1996,MLB,AL-West,CAL
1996,MLB,AL-West,OAK
1996,MLB,AL-West,SEA
1996,MLB,AL-West,TEX
1996,MLB,NL-Central,CHN
1996,MLB,NL-Central,CIN
1996,MLB,NL-Central,HOU
1996,MLB,NL-Central,PIT
1996,MLB,NL-Central,SLN
1996,MLB,NL-East,ATL
1996,MLB,NL-East,FLO
1996,MLB,NL-East,MON
1996,MLB,NL-East,NYN
1996,MLB,NL-East,PHI
1996,MLB,NL-West,COL
1996,MLB,NL-West,LAN
1996,MLB,NL-West,SDN
1996,MLB,NL-West,SFN
1997,MLB,AL-Central,CHA
1997,MLB,AL-Central,CLE
1997,MLB,AL-Central,KCA
1997,MLB,AL-Central,MIL
1997,MLB,AL-Central,MIN
1997,MLB,AL-East,BAL
1997,MLB,AL-East,BOS
1997,MLB,AL-East,DET
1997,MLB,AL-East,NYA
1997,MLB,AL-East,TOR
1997,MLB,AL-West,ANA
1997,MLB,AL-West,OAK
1997,MLB,AL-West,SEA
1997,MLB,AL-West,TEX
1997,MLB,NL-Central,CHN
1997,MLB,NL-Central,CIN
1997,MLB,NL-Central,HOU
1997,MLB,NL-Central,PIT
1997,MLB,NL-Central,SLN
1997,MLB,NL-East,ATL
1997,MLB,NL-East,FLO
1997,MLB,NL-East,MON
1997,MLB,NL-East,NYN
1997,MLB,NL-East,PHI
1997,MLB,NL-West,COL
1997,MLB,NL-West,LAN
1997,MLB,NL-West,SDN
1997,MLB,NL-West,SFN
1998,MLB,AL-Central,CHA
1998,MLB,AL-Central,CLE
1998,MLB,AL-Central,DET
1998,MLB,AL-Central,KCA
1998,MLB,AL-Central,MIN
1998,MLB,AL-East,BAL
1998,MLB,AL-East,BOS
1998,MLB,AL-East,NYA
1998,MLB,AL-East,TBA
1998,MLB,AL-East,TOR
1998,MLB,AL-West,ANA
1998,MLB,AL-West,OAK
1998,MLB,AL-West,SEA
1998,MLB,AL-West,TEX
1998,MLB,NL-Central,CHN
1998,MLB,NL-Central,CIN
1998,MLB,NL-Central,HOU
1998,MLB,NL-Central,MIL
1998,MLB,NL-Central,PIT
1998,MLB,NL-Central,SLN
1998,MLB,NL-East,ATL
1998,MLB,NL-East,FLO
1998,MLB,NL-East,MON
1998,MLB,NL-East,NYN
1998,MLB,NL-East,PHI
1998,MLB,NL-West,ARI
1998,MLB,NL-West,COL
1998,MLB,NL-West,LAN
1998,MLB,NL-West,SDN
1998,MLB,NL-West,SFN
1999,MLB,AL-Central,CHA
1999,MLB,AL-Central,CLE
1999,MLB,AL-Central,DET
1999,MLB,AL-Central,KCA
1999,MLB,AL-Central,MIN
1999,MLB,AL-East,BAL
1999,MLB,AL-East,BOS
1999,MLB,AL-East,NYA
1999,MLB,AL-East,TBA
1999,MLB,AL-East,TOR
1999,MLB,AL-West,ANA
1999,MLB,AL-West,OAK
1999,MLB,AL-West,SEA
1999,MLB,AL-West,TEX
1999,MLB,NL-Central,CHN
1999,MLB,NL-Central,CIN
1999,MLB,NL-Central,HOU
1999,MLB,NL-Central,MIL
1999,MLB,NL-Central,PIT
1999,MLB,NL-Central,SLN
1999,MLB,NL-East,ATL
1999,MLB,NL-East,FLO
1999,MLB,NL-East,MON
1999,MLB,NL-East,NYN
1999,MLB,NL-East,PHI
1999,MLB,NL-West,ARI
1999,MLB,NL-West,COL
1999,MLB,NL-West,LAN
1999,MLB,NL-West,SDN
1999,MLB,NL-West,SFN
2000,MLB,AL-Central,CHA
2000,MLB,AL-Central,CLE
2000,MLB,AL-Central,DET
2000,MLB,AL-Central,KCA
2000,MLB,AL-Central,MIN
2000,MLB,AL-East,BAL
2000,MLB,AL-East,BOS
2000,MLB,AL-East,NYA
2000,MLB,AL-East,TBA
2000,MLB,AL-East,TOR
2000,MLB,AL-West,ANA
2000,MLB,AL-West,OAK
2000,MLB,AL-West,SEA
2000,MLB,AL-West,TEX
2000,MLB,NL-Central,CHN
2000,MLB,NL-Central,CIN
2000,MLB,NL-Central,HOU
2000,MLB,NL-Central,MIL
2000,MLB,NL-Central,PIT
2000,MLB,NL-Central,SLN
2000,MLB,NL-East,ATL
2000,MLB,NL-East,FLO
2000,MLB,NL-East,MON
2000,MLB,NL-East,NYN
2000,MLB,NL-East,PHI
2000,MLB,NL-West,ARI
2000,MLB,NL-West,COL
2000,MLB,NL-West,LAN
2000,MLB,NL-West,SDN
2000,MLB,NL-West,SFN
2001,MLB,AL-Central,CHA
2001,MLB,AL-Central,CLE
2001,MLB,AL-Central,DET
2001,MLB,AL-Central,KCA
2001,MLB,AL-Central,MIN
2001,MLB,AL-East,BAL
2001,MLB,AL-East,BOS
2001,MLB,AL-East,NYA
2001,MLB,AL-East,TBA
2001,MLB,AL-East,TOR
2001,MLB,AL-West,ANA
2001,MLB,AL-West,OAK
2001,MLB,AL-West,SEA
2001,MLB,AL-West,TEX
2001,MLB,NL-Central,CHN
2001,MLB,NL-Central,CIN
2001,MLB,NL-Central,HOU
2001,MLB,NL-Central,MIL
2001,MLB,NL-Central,PIT
2001,MLB,NL-Central,SLN
2001,MLB,NL-East,ATL
2001,MLB,NL-East,FLO
2001,MLB,NL-East,MON
2001,MLB,NL-East,NYN
2001,MLB,NL-East,PHI
2001,MLB,NL-West,ARI
2001,MLB,NL-West,COL
2001,MLB,NL-West,LAN
2001,MLB,NL-West,SDN
2001,MLB,NL-West,SFN
2002,MLB,AL-Central,CHA
2002,MLB,AL-Central,CLE
2002,MLB,AL-Central,DET
2002,MLB,AL-Central,KCA
2002,MLB,AL-Central,MIN
2002,MLB,AL-East,BAL
2002,MLB,AL-East,BOS
2002,MLB,AL-East,NYA
2002,MLB,AL-East,TBA
2002,MLB,AL-East,TOR
2002,MLB,AL-West,ANA
2002,MLB,AL-West,OAK
2002,MLB,AL-West,SEA
2002,MLB,AL-West,TEX
2002,MLB,NL-Central,CHN
2002,MLB,NL-Central,CIN
2002,MLB,NL-Central,HOU
2002,MLB,NL-Central,MIL
2002,MLB,NL-Central,PIT
2002,MLB,NL-Central,SLN
2002,MLB,NL-East,ATL
2002,MLB,NL-East,FLO
2002,MLB,NL-East,MON
2002,MLB,NL-East,NYN
2002,MLB,NL-East,PHI
2002,MLB,NL-West,ARI
2002,MLB,NL-West,COL
2002,MLB,NL-West,LAN
2002,MLB,NL-West,SDN
2002,MLB,NL-West,SFN
2003,MLB,AL-Central,CHA
2003,MLB,AL-Central,CLE
2003,MLB,AL-Central,DET
2003,MLB,AL-Central,KCA
2003,MLB,AL-Central,MIN
2003,MLB,AL-East,BAL
2003,MLB,AL-East,BOS
2003,MLB,AL-East,NYA
2003,MLB,AL-East,TBA
2003,MLB,AL-East,TOR
2003,MLB,AL-West,ANA
2003,MLB,AL-West,OAK
2003,MLB,AL-West,SEA
2003,MLB,AL-West,TEX
2003,MLB,NL-Central,CHN
2003,MLB,NL-Central,CIN
2003,MLB,NL-Central,HOU
2003,MLB,NL-Central,MIL
2003,MLB,NL-Central,PIT
2003,MLB,NL-Central,SLN
2003,MLB,NL-East,ATL
2003,MLB,NL-East,FLO
2003,MLB,NL-East,MON
2003,MLB,NL-East,NYN
2003,MLB,NL-East,PHI
2003,MLB,NL-West,ARI
2003,MLB,NL-West,COL
2003,MLB,NL-West,LAN
2003,MLB,NL-West,SDN
2003,MLB,NL-West,SFN
2004,MLB,AL-Central,CHA
2004,MLB,AL-Central,CLE
2004,MLB,AL-Central,DET
2004,MLB,AL-Central,KCA
2004,MLB,AL-Central,MIN
2004,MLB,AL-East,BAL
2004,MLB,AL-East,BOS
2004,MLB,AL-East,NYA
2004,MLB,AL-East,TBA
2004,MLB,AL-East,TOR
2004,MLB,AL-West,ANA
2004,MLB,AL-West,OAK
2004,MLB,AL-West,SEA
2004,MLB,AL-West,TEX
2004,MLB,NL-Central,CHN
2004,MLB,NL-Central,CIN
2004,MLB,NL-Central,HOU
2004,MLB,NL-Central,MIL
2004,MLB,NL-Central,PIT
2004,MLB,NL-Central,SLN
2004,MLB,NL-East,ATL
2004,MLB,NL-East,FLO
2004,MLB,NL-East,MON
2004,MLB,NL-East,NYN
2004,MLB,NL-East,PHI
2004,MLB,NL-West,ARI
2004,MLB,NL-West,COL
2004,MLB,NL-West,LAN
2004,MLB,NL-West,SDN
2004,MLB,NL-West,SFN
2005,MLB,AL-Central,CHA
2005,MLB,AL-Central,CLE
2005,MLB,AL-Central,DET
2005,MLB,AL-Central,KCA
2005,MLB,AL-Central,MIN
2005,MLB,AL-East,BAL
2005,MLB,AL-East,BOS
2005,MLB,AL-East,NYA
2005,MLB,AL-East,TBA
2005,MLB,AL-East,TOR
2005,MLB,AL-West,ANA
2005,MLB,AL-West,OAK
2005,MLB,AL-West,SEA
2005,MLB,AL-West,TEX
2005,MLB,NL-Central,CHN
2005,MLB,NL-Central,CIN
2005,MLB,NL-Central,HOU
2005,MLB,NL-Central,MIL
2005,MLB,NL-Central,PIT
2005,MLB,NL-Central,SLN
2005,MLB,NL-East,ATL
2005,MLB,NL-East,FLO
2005,MLB,NL-East,NYN
2005,MLB,NL-East,PHI
2005,MLB,NL-East,WAS
2005,MLB,NL-West,ARI
2005,MLB,NL-West,COL
2005,MLB,NL-West,LAN
2005,MLB,NL-West,SDN
2005,MLB,NL-West,SFN
2006,MLB,AL-Central,CHA
2006,MLB,AL-Central,CLE
2006,MLB,AL-Central,DET
2006,MLB,AL-Central,KCA
2006,MLB,AL-Central,MIN
2006,MLB,AL-East,BAL
2006,MLB,AL-East,BOS
2006,MLB,AL-East,NYA
2006,MLB,AL-East,TBA
2006,MLB,AL-East,TOR
2006,MLB,AL-West,ANA
2006,MLB,AL-West,OAK
2006,MLB,AL-West,SEA
2006,MLB,AL-West,TEX
2006,MLB,NL-Central,CHN
2006,MLB,NL-Central,CIN
2006,MLB,NL-Central,HOU
2006,MLB,NL-Central,MIL
2006,MLB,NL-Central,PIT
2006,MLB,NL-Central,SLN
2006,MLB,NL-East,ATL
2006,MLB,NL-East,FLO
2006,MLB,NL-East,NYN
2006,MLB,NL-East,PHI
2006,MLB,NL-East,WAS
2006,MLB,NL-West,ARI
2006,MLB,NL-West,COL
2006,MLB,NL-West,LAN
2006,MLB,NL-West,SDN
2006,MLB,NL-West,SFN
2007,MLB,AL-Central,CHA
2007,MLB,AL-Central,CLE
2007,MLB,AL-Central,DET
2007,MLB,AL-Central,KCA
2007,MLB,AL-Central,MIN
2007,MLB,AL-East,BAL
2007,MLB,AL-East,BOS
2007,MLB,AL-East,NYA
2007,MLB,AL-East,TBA
2007,MLB,AL-East,TOR
2007,MLB,AL-West,ANA
2007,MLB,AL-West,OAK
2007,MLB,AL-West,SEA
2007,MLB,AL-West,TEX
2007,MLB,NL-Central,CHN
2007,MLB,NL-Central,CIN
2007,MLB,NL-Central,HOU
2007,MLB,NL-Central,MIL
2007,MLB,NL-Central,PIT
2007,MLB,NL-Central,SLN
2007,MLB,NL-East,ATL
2007,MLB,NL-East,FLO
2007,MLB,NL-East,NYN
2007,MLB,NL-East,PHI
2007,MLB,NL-East,WAS
2007,MLB,NL-West,ARI
2007,MLB,NL-West,COL
2007,MLB,NL-West,LAN
2007,MLB,NL-West,SDN
2007,MLB,NL-West,SFN
2008,MLB,AL-Central,CHA
2008,MLB,AL-Central,CLE
2008,MLB,AL-Central,DET
2008,MLB,AL-Central,KCA
2008,MLB,AL-Central,MIN
2008,MLB,AL-East,BAL
2008,MLB,AL-East,BOS
2008,MLB,AL-East,NYA
2008,MLB,AL-East,TBA
2008,MLB,AL-East,TOR
2008,MLB,AL-West,ANA
2008,MLB,AL-West,OAK
2008,MLB,AL-West,SEA
2008,MLB,AL-West,TEX
2008,MLB,NL-Central,CHN
2008,MLB,NL-Central,CIN
2008,MLB,NL-Central,HOU
2008,MLB,NL-Central,MIL
2008,MLB,NL-Central,PIT
2008,MLB,NL-Central,SLN
2008,MLB,NL-East,ATL
2008,MLB,NL-East,FLO
2008,MLB,NL-East,NYN
2008,MLB,NL-East,PHI
2008,MLB,NL-East,WAS
2008,MLB,NL-West,ARI
2008,MLB,NL-West,COL
2008,MLB,NL-West,LAN
2008,MLB,NL-West,SDN
2008,MLB,NL-West,SFN
2009,MLB,AL-Central,CHA
2009,MLB,AL-Central,CLE
2009,MLB,AL-Central,DET
2009,MLB,AL-Central,KCA
2009,MLB,AL-Central,MIN
2009,MLB,AL-East,BAL
2009,MLB,AL-East,BOS
2009,MLB,AL-East,NYA
2009,MLB,AL-East,TBA
2009,MLB,AL-East,TOR
2009,MLB,AL-West,ANA
2009,MLB,AL-West,OAK
2009,MLB,AL-West,SEA
2009,MLB,AL-West,TEX
2009,MLB,NL-Central,CHN
2009,MLB,NL-Central,CIN
2009,MLB,NL-Central,HOU
2009,MLB,NL-Central,MIL
2009,MLB,NL-Central,PIT
2009,MLB,NL-Central,SLN
2009,MLB,NL-East,ATL
2009,MLB,NL-East,FLO
2009,MLB,NL-East,NYN
2009,MLB,NL-East,PHI
2009,MLB,NL-East,WAS
2009,MLB,NL-West,ARI
2009,MLB,NL-West,COL
2009,MLB,NL-West,LAN
2009,MLB,NL-West,SDN
2009,MLB,NL-West,SFN
2010,MLB,AL-Central,CHA
2010,MLB,AL-Central,CLE
2010,MLB,AL-Central,DET
2010,MLB,AL-Central,KCA
2010,MLB,AL-Central,MIN
2010,MLB,AL-East,BAL
2010,MLB,AL-East,BOS
2010,MLB,AL-East,NYA
2010,MLB,AL-East,TBA
2010,MLB,AL-East,TOR
2010,MLB,AL-West,ANA
2010,MLB,AL-West,OAK
2010,MLB,AL-West,SEA
2010,MLB,AL-West,TEX
2010,MLB,NL-Central,CHN
2010,MLB,NL-Central,CIN
2010,MLB,NL-Central,HOU
2010,MLB,NL-Central,MIL
2010,MLB,NL-Central,PIT
2010,MLB,NL-Central,SLN
2010,MLB,NL-East,ATL
2010,MLB,NL-East,FLO
2010,MLB,NL-East,NYN
2010,MLB,NL-East,PHI
2010,MLB,NL-East,WAS
2010,MLB,NL-West,ARI
2010,MLB,NL-West,COL
2010,MLB,NL-West,LAN
2010,MLB,NL-West,SDN
2010,MLB,NL-West,SFN
2011,MLB,AL-Central,CHA
2011,MLB,AL-Central,CLE
2011,MLB,AL-Central,DET
2011,MLB,AL-Central,KCA
2011,MLB,AL-Central,MIN
2011,MLB,AL-East,BAL
2011,MLB,AL-East,BOS
2011,MLB,AL-East,NYA
2011,MLB,AL-East,TBA
2011,MLB,AL-East,TOR
2011,MLB,AL-West,ANA
2011,MLB,AL-West,OAK
2011,MLB,AL-West,SEA
2011,MLB,AL-West,TEX
2011,MLB,NL-Central,CHN
2011,MLB,NL-Central,CIN
2011,MLB,NL-Central,HOU
2011,MLB,NL-Central,MIL
2011,MLB,NL-Central,PIT
2011,MLB,NL-Central,SLN
2011,MLB,NL-East,ATL
2011,MLB,NL-East,FLO
2011,MLB,NL-East,NYN
2011,MLB,NL-East,PHI
2011,MLB,NL-East,WAS
2011,MLB,NL-West,ARI
2011,MLB,NL-West,COL
2011,MLB,NL-West,LAN
2011,MLB,NL-West,SDN
2011,MLB,NL-West,SFN
2012,MLB,AL-Central,CHA
2012,MLB,AL-Central,CLE
2012,MLB,AL-Central,DET
2012,MLB,AL-Central,KCA
2012,MLB,AL-Central,MIN
2012,MLB,AL-East,BAL
2012,MLB,AL-East,BOS
2012,MLB,AL-East,NYA
2012,MLB,AL-East,TBA
2012,MLB,AL-East,TOR
2012,MLB,AL-West,ANA
2012,MLB,AL-West,OAK
2012,MLB,AL-West,SEA
2012,MLB,AL-West,TEX
2012,MLB,NL-Central,CHN
2012,MLB,NL-Central,CIN
2012,MLB,NL-Central,HOU
2012,MLB,NL-Central,MIL
2012,MLB,NL-Central,PIT
2012,MLB,NL-Central,SLN
2012,MLB,NL-East,ATL
2012,MLB,NL-East,MIA
2012,MLB,NL-East,NYN
2012,MLB,NL-East,PHI
2012,MLB,NL-East,WAS
2012,MLB,NL-West,ARI
2012,MLB,NL-West,COL
2012,MLB,NL-West,LAN
2012,MLB,NL-West,SDN
2012,MLB,NL-West,SFN
2013,MLB,AL-Central,CHA
2013,MLB,AL-Central,CLE
2013,MLB,AL-Central,DET
2013,MLB,AL-Central,KCA
2013,MLB,AL-Central,MIN
2013,MLB,AL-East,BAL
2013,MLB,AL-East,BOS
2013,MLB,AL-East,NYA
2013,MLB,AL-East,TBA
2013,MLB,AL-East,TOR
2013,MLB,AL-West,ANA
2013,MLB,AL-West,HOU
2013,MLB,AL-West,OAK
2013,MLB,AL-West,SEA
2013,MLB,AL-West,TEX
2013,MLB,NL-Central,CHN
2013,MLB,NL-Central,CIN
2013,MLB,NL-Central,MIL
2013,MLB,NL-Central,PIT
2013,MLB,NL-Central,SLN
2013,MLB,NL-East,ATL
2013,MLB,NL-East,MIA
2013,MLB,NL-East,NYN
2013,MLB,NL-East,PHI
2013,MLB,NL-East,WAS
2013,MLB,NL-West,ARI
2013,MLB,NL-West,COL
2013,MLB,NL-West,LAN
2013,MLB,NL-West,SDN
2013,MLB,NL-West,SFN
2014,MLB,AL-Central,CHA
2014,MLB,AL-Central,CLE
2014,MLB,AL-Central,DET
2014,MLB,AL-Central,KCA
2014,MLB,AL-Central,MIN
2014,MLB,AL-East,BAL
2014,MLB,AL-East,BOS
2014,MLB,AL-East,NYA
2014,MLB,AL-East,TBA
2014,MLB,AL-East,TOR
2014,MLB,AL-West,ANA
2014,MLB,AL-West,HOU
2014,MLB,AL-West,OAK
2014,MLB,AL-West,SEA
2014,MLB,AL-West,TEX
2014,MLB,NL-Central,CHN
2014,MLB,NL-Central,CIN
2014,MLB,NL-Central,MIL
2014,MLB,NL-Central,PIT
2014,MLB,NL-Central,SLN
2014,MLB,NL-East,ATL
2014,MLB,NL-East,MIA
2014,MLB,NL-East,NYN
2014,MLB,NL-East,PHI
2014,MLB,NL-East,WAS
2014,MLB,NL-West,ARI
2014,MLB,NL-West,COL
2014,MLB,NL-West,LAN
2014,MLB,NL-West,SDN
2014,MLB,NL-West,SFN
2015,MLB,AL-Central,CHA
2015,MLB,AL-Central,CLE
2015,MLB,AL-Central,DET
2015,MLB,AL-Central,KCA
2015,MLB,AL-Central,MIN
2015,MLB,AL-East,BAL
2015,MLB,AL-East,BOS
2015,MLB,AL-East,NYA
2015,MLB,AL-East,TBA
2015,MLB,AL-East,TOR
2015,MLB,AL-West,ANA
2015,MLB,AL-West,HOU
2015,MLB,AL-West,OAK
2015,MLB,AL-West,SEA
2015,MLB,AL-West,TEX
2015,MLB,NL-Central,CHN
2015,MLB,NL-Central,CIN
2015,MLB,NL-Central,MIL
2015,MLB,NL-Central,PIT
2015,MLB,NL-Central,SLN
2015,MLB,NL-East,ATL
2015,MLB,NL-East,MIA
2015,MLB,NL-East,NYN
2015,MLB,NL-East,PHI
2015,MLB,NL-East,WAS
2015,MLB,NL-West,ARI
2015,MLB,NL-West,COL
2015,MLB,NL-West,LAN
2015,MLB,NL-West,SDN
2015,MLB,NL-West,SFN
2016,MLB,AL-Central,CHA
2016,MLB,AL-Central,CLE
2016,MLB,AL-Central,DET
2016,MLB,AL-Central,KCA
2016,MLB,AL-Central,MIN
2016,MLB,AL-East,BAL
2016,MLB,AL-East,BOS
2016,MLB,AL-East,NYA
2016,MLB,AL-East,TBA
2016,MLB,AL-East,TOR
2016,MLB,AL-West,ANA
2016,MLB,AL-West,HOU
2016,MLB,AL-West,OAK
2016,MLB,AL-West,SEA
2016,MLB,AL-West,TEX
2016,MLB,NL-Central,CHN
2016,MLB,NL-Central,CIN
2016,MLB,NL-Central,MIL
2016,MLB,NL-Central,PIT
2016,MLB,NL-Central,SLN
2016,MLB,NL-East,ATL
2016,MLB,NL-East,MIA
2016,MLB,NL-East,NYN
2016,MLB,NL-East,PHI
2016,MLB,NL-East,WAS
2016,MLB,NL-West,ARI
2016,MLB,NL-West,COL
2016,MLB,NL-West,LAN
2016,MLB,NL-West,SDN
2016,MLB,NL-West,SFN
2017,MLB,AL-Central,CHA
2017,MLB,AL-Central,CLE
2017,MLB,AL-Central,DET
2017,MLB,AL-Central,KCA
2017,MLB,AL-Central,MIN
2017,MLB,AL-East,BAL
2017,MLB,AL-East,BOS
2017,MLB,AL-East,NYA
2017,MLB,AL-East,TBA
2017,MLB,AL-East,TOR
2017,MLB,AL-West,ANA
2017,MLB,AL-West,HOU
2017,MLB,AL-West,OAK
2017,MLB,AL-West,SEA
2017,MLB,AL-West,TEX
2017,MLB,NL-Central,CHN
2017,MLB,NL-Central,CIN
2017,MLB,NL-Central,MIL
2017,MLB,NL-Central,PIT
2017,MLB,NL-Central,SLN
2017,MLB,NL-East,ATL
2017,MLB,NL-East,MIA
2017,MLB,NL-East,NYN
2017,MLB,NL-East,PHI
2017,MLB,NL-East,WAS
2017,MLB,NL-West,ARI
2017,MLB,NL-West,COL
2017,MLB,NL-West,LAN
2017,MLB,NL-West,SDN
2017,MLB,NL-West,SFN
2018,MLB,AL-Central,CHA
2018,MLB,AL-Central,CLE
2018,MLB,AL-Central,DET
2018,MLB,AL-Central,KCA
2018,MLB,AL-Central,MIN
2018,MLB,AL-East,BAL
2018,MLB,AL-East,BOS
2018,MLB,AL-East,NYA
2018,MLB,AL-East,TBA
2018,MLB,AL-East,TOR
2018,MLB,AL-West,ANA
2018,MLB,AL-West,HOU
2018,MLB,AL-West,OAK
2018,MLB,AL-West,SEA
2018,MLB,AL-West,TEX
2018,MLB,NL-Central,CHN
2018,MLB,NL-Central,CIN
2018,MLB,NL-Central,MIL
2018,MLB,NL-Central,PIT
2018,MLB,NL-Central,SLN
2018,MLB,NL-East,ATL
2018,MLB,NL-East,MIA
2018,MLB,NL-East,NYN
2018,MLB,NL-East,PHI
2018,MLB,NL-East,WAS
2018,MLB,NL-West,ARI
2018,MLB,NL-West,COL
2018,MLB,NL-West,LAN
2018,MLB,NL-West,SDN
2018,MLB,NL-West,SFN
2019,MLB,AL-Central,CHA
2019,MLB,AL-Central,CLE
2019,MLB,AL-Central,DET
2019,MLB,AL-Central,KCA
2019,MLB,AL-Central,MIN
2019,MLB,AL-East,BAL
2019,MLB,AL-East,BOS
2019,MLB,AL-East,NYA
2019,MLB,AL-East,TBA
2019,MLB,AL-East,TOR
2019,MLB,AL-West,ANA
2019,MLB,AL-West,HOU
2019,MLB,AL-West,OAK
2019,MLB,AL-West,SEA
2019,MLB,AL-West,TEX
2019,MLB,NL-Central,CHN
2019,MLB,NL-Central,CIN
2019,MLB,NL-Central,MIL
2019,MLB,NL-Central,PIT
2019,MLB,NL-Central,SLN
2019,MLB,NL-East,ATL
2019,MLB,NL-East,MIA
2019,MLB,NL-East,NYN
2019,MLB,NL-East,PHI
2019,MLB,NL-East,WAS
2019,MLB,NL-West,ARI
2019,MLB,NL-West,COL
2019,MLB,NL-West,LAN
2019,MLB,NL-West,SDN
2019,MLB,NL-West,SFN
2020,MLB,AL-Central,CHA
2020,MLB,AL-Central,CLE
2020,MLB,AL-Central,DET
2020,MLB,AL-Central,KCA
2020,MLB,AL-Central,MIN
2020,MLB,AL-East,BAL
2020,MLB,AL-East,BOS
2020,MLB,AL-East,NYA
2020,MLB,AL-East,TBA
2020,MLB,AL-East,TOR
2020,MLB,AL-West,ANA
2020,MLB,AL-West,HOU
2020,MLB,AL-West,OAK
2020,MLB,AL-West,SEA
2020,MLB,AL-West,TEX
2020,MLB,NL-Central,CHN
2020,MLB,NL-Central,CIN
2020,MLB,NL-Central,MIL
2020,MLB,NL-Central,PIT
2020,MLB,NL-Central,SLN
2020,MLB,NL-East,ATL
2020,MLB,NL-East,MIA
2020,MLB,NL-East,NYN
2020,MLB,NL-East,PHI
2020,MLB,NL-East,WAS
2020,MLB,NL-West,ARI
2020,MLB,NL-West,COL
2020,MLB,NL-West,LAN
2020,MLB,NL-West,SDN
2020,MLB,NL-West,SFN
2021,MLB,AL-Central,CHA
2021,MLB,AL-Central,CLE
2021,MLB,AL-Central,DET
2021,MLB,AL-Central,KCA
2021,MLB,AL-Central,MIN
2021,MLB,AL-East,BAL
2021,MLB,AL-East,BOS
2021,MLB,AL-East,NYA
2021,MLB,AL-East,TBA
2021,MLB,AL-East,TOR
2021,MLB,AL-West,ANA
2021,MLB,AL-West,HOU
2021,MLB,AL-West,OAK
2021,MLB,AL-West,SEA
2021,MLB,AL-West,TEX
2021,MLB,NL-Central,CHN
2021,MLB,NL-Central,CIN
2021,MLB,NL-Central,MIL
2021,MLB,NL-Central,PIT
2021,MLB,NL-Central,SLN
2021,MLB,NL-East,ATL
2021,MLB,NL-East,MIA
2021,MLB,NL-East,NYN
2021,MLB,NL-East,PHI
2021,MLB,NL-East,WAS
2021,MLB,NL-West,ARI
2021,MLB,NL-West,COL
2021,MLB,NL-West,LAN
2021,MLB,NL-West,SDN
2021,MLB,NL-West,SFN
2022,MLB,AL-Central,CHA
2022,MLB,AL-Central,CLE
2022,MLB,AL-Central,DET
2022,MLB,AL-Central,KCA
2022,MLB,AL-Central,MIN
2022,MLB,AL-East,BAL
2022,MLB,AL-East,BOS
2022,MLB,AL-East,NYA
2022,MLB,AL-East,TBA
2022,MLB,AL-East,TOR
2022,MLB,AL-West,ANA
2022,MLB,AL-West,HOU
2022,MLB,AL-West,OAK
2022,MLB,AL-West,SEA
2022,MLB,AL-West,TEX
2022,MLB,NL-Central,CHN
2022,MLB,NL-Central,CIN
2022,MLB,NL-Central,MIL
2022,MLB,NL-Central,PIT
2022,MLB,NL-Central,SLN
2022,MLB,NL-East,ATL
2022,MLB,NL-East,MIA
2022,MLB,NL-East,NYN
2022,MLB,NL-East,PHI
2022,MLB,NL-East,WAS
2022,MLB,NL-West,ARI
2022,MLB,NL-West,COL
2022,MLB,NL-West,LAN
2022,MLB,NL-West,SDN
2022,MLB,NL-West,SFN
2023,MLB,AL-Central,CHA
2023,MLB,AL-Central,CLE
2023,MLB,AL-Central,DET
2023,MLB,AL-Central,KCA
2023,MLB,AL-Central,MIN
2023,MLB,AL-East,BAL
2023,MLB,AL-East,BOS
2023,MLB,AL-East,NYA
2023,MLB,AL-East,TBA
2023,MLB,AL-East,TOR
2023,MLB,AL-West,ANA
2023,MLB,AL-West,HOU
2023,MLB,AL-West,OAK
2023,MLB,AL-West,SEA
2023,MLB,AL-West,TEX
2023,MLB,NL-Central,CHN
2023,MLB,NL-Central,CIN
2023,MLB,NL-Central,MIL
2023,MLB,NL-Central,PIT
2023,MLB,NL-Central,SLN
2023,MLB,NL-East,ATL
2023,MLB,NL-East,MIA
2023,MLB,NL-East,NYN
2023,MLB,NL-East,PHI
2023,MLB,NL-East,WAS
2023,MLB,NL-West,ARI
2023,MLB,NL-West,COL
2023,MLB,NL-West,LAN
2023,MLB,NL-West,SDN
2023,MLB,NL-West,SFN
2024,MLB,AL-Central,CHA
2024,MLB,AL-Central,CLE
2024,MLB,AL-Central,DET
2024,MLB,AL-Central,KCA
2024,MLB,AL-Central,MIN
2024,MLB,AL-East,BAL
2024,MLB,AL-East,BOS
2024,MLB,AL-East,NYA
2024,MLB,AL-East,TBA
2024,MLB,AL-East,TOR
2024,MLB,AL-West,ANA
2024,MLB,AL-West,HOU
2024,MLB,AL-West,OAK
2024,MLB,AL-West,SEA
2024,MLB,AL-West,TEX
2024,MLB,NL-Central,CHN
2024,MLB,NL-Central,CIN
2024,MLB,NL-Central,MIL
2024,MLB,NL-Central,PIT
2024,MLB,NL-Central,SLN
2024,MLB,NL-East,ATL
2024,MLB,NL-East,MIA
2024,MLB,NL-East,NYN
2024,MLB,NL-East,PHI
2024,MLB,NL-East,WAS
2024,MLB,NL-West,ARI
2024,MLB,NL-West,COL
2024,MLB,NL-West,LAN
2024,MLB,NL-West,SDN
2024,MLB,NL-West,SFN
