season,division,team1,team2,wins1,wins2,ties,games_played
1985,NL-East,MON,NYN,9,9,0,18
1985,NL-West,CIN,SDN,9,9,0,18
1986,AL-East,BOS,MIL,6,6,0,12
1986,NL-East,MON,SLN,9,9,0,18
1986,NL-West,CIN,SDN,9,9,0,18
1986,NL-West,CIN,SFN,9,9,0,18
1986,NL-West,HOU,SFN,9,9,0,18
1987,NL-East,CHN,NYN,9,9,0,18
1987,NL-East,NYN,SLN,9,9,0,18
1988,NL-East,CHN,MON,9,9,0,18
1988,NL-East,CHN,NYN,9,9,0,18
1988,NL-East,MON,PHI,9,9,1,19
1988,NL-West,CIN,HOU,9,9,0,18
1988,NL-West,HOU,LAN,9,9,0,18
1989,NL-East,MON,NYN,9,9,0,18
1989,NL-East,MON,PHI,9,9,0,18
1989,NL-East,NYN,PIT,9,9,0,18
1989,NL-West,CIN,SDN,9,9,0,18
1990,NL-East,CHN,NYN,9,9,0,18
1990,NL-West,CIN,LAN,9,9,0,18
1990,NL-West,CIN,SDN,9,9,0,18
1990,NL-West,HOU,LAN,9,9,0,18
1990,NL-West,LAN,SDN,9,9,0,18
1991,NL-West,ATL,SFN,9,9,0,18
1991,NL-West,CIN,HOU,9,9,0,18
1991,NL-West,HOU,SFN,9,9,0,18
1992,NL-East,CHN,NYN,9,9,0,18
1992,NL-East,CHN,PHI,9,9,0,18
1992,NL-East,MON,PHI,9,9,0,18
1992,NL-East,MON,PIT,9,9,0,18
1992,NL-East,NYN,SLN,9,9,0,18
1992,NL-West,ATL,CIN,9,9,0,18
1992,NL-West,LAN,SDN,9,9,0,18
1994,AL-Central,MIL,MIN,6,6,0,12
1994,AL-East,DET,NYA,3,3,0,6
1994,NL-Central,CHN,PIT,5,5,0,10
1994,NL-Central,CHN,SLN,5,5,0,10
1994,NL-Central,CIN,SLN,2,2,1,5
1994,NL-Central,PIT,SLN,5,5,0,10
1994,NL-West,COL,SDN,5,5,0,10
1994,NL-West,LAN,SFN,5,5,0,10
1997,AL-Central,CHA,MIN,6,6,0,12
1997,AL-Central,KCA,MIL,6,6,0,12
1997,AL-East,BAL,DET,6,6,0,12
1997,AL-East,BAL,TOR,6,6,0,12
1997,AL-East,BOS,TOR,6,6,0,12
1997,AL-East,DET,TOR,6,6,0,12
1997,AL-West,ANA,SEA,6,6,0,12
1997,NL-Central,CIN,SLN,6,6,0,12
1997,NL-Central,HOU,PIT,6,6,0,12
1997,NL-East,FLO,PHI,6,6,0,12
1997,NL-East,MON,PHI,6,6,0,12
1997,NL-West,LAN,SFN,6,6,0,12
1998,AL-Central,CHA,CLE,6,6,0,12
1998,AL-Central,CHA,DET,6,6,0,12
1998,AL-Central,CHA,MIN,6,6,0,12
1998,AL-Central,CLE,MIN,6,6,0,12
1998,AL-Central,DET,KCA,6,6,0,12
1998,AL-East,BAL,BOS,6,6,0,12
1998,AL-East,NYA,TOR,6,6,0,12
1998,AL-West,OAK,TEX,6,6,0,12
1998,NL-Central,CHN,MIL,6,6,0,12
1998,NL-East,ATL,MON,6,6,0,12
1998,NL-East,FLO,PHI,6,6,0,12
1998,NL-West,ARI,COL,6,6,0,12
1998,NL-West,COL,LAN,6,6,0,12
1998,NL-West,LAN,SFN,6,6,0,12
1999,AL-Central,CHA,KCA,6,6,0,12
1999,AL-Central,DET,MIN,6,6,0,12
1999,AL-West,ANA,SEA,6,6,0,12
1999,AL-West,ANA,TEX,6,6,0,12
1999,AL-West,OAK,SEA,6,6,0,12
1999,NL-Central,CHN,MIL,6,6,0,12
1999,NL-Central,CIN,MIL,6,6,0,12
1999,NL-East,MON,PHI,6,6,0,12
1999,NL-East,NYN,PHI,6,6,0,12
2000,AL-East,BOS,TBA,6,6,0,12
2000,AL-East,NYA,TBA,6,6,0,12
2000,NL-Central,HOU,SLN,6,6,0,12
2000,NL-East,ATL,FLO,6,6,0,12
2000,NL-East,FLO,NYN,6,6,0,12
2003,AL-West,SEA,TEX,10,10,0,20
2004,AL-East,TBA,TOR,9,9,0,18
2005,AL-West,ANA,SEA,9,9,0,18
2005,NL-East,FLO,WAS,9,9,0,18
2006,NL-Central,CHN,MIL,8,8,0,16
2007,AL-Central,CHA,MIN,9,9,0,18
2007,AL-Central,KCA,MIN,9,9,0,18
2007,AL-East,BAL,NYA,9,9,0,18
2007,AL-East,BOS,TOR,9,9,0,18
2007,AL-East,TBA,TOR,9,9,0,18
2007,NL-Central,CHN,CIN,9,9,0,18
2007,NL-East,ATL,NYN,9,9,0,18
2007,NL-East,ATL,PHI,9,9,0,18
2007,NL-East,FLO,PHI,9,9,0,18
2007,NL-East,NYN,WAS,9,9,0,18
2008,AL-East,BOS,NYA,9,9,0,18
2008,AL-East,BOS,TOR,9,9,0,18
2008,AL-East,NYA,TOR,9,9,0,18
2008,NL-Central,HOU,PIT,8,8,0,16
2008,NL-West,COL,SDN,9,9,0,18
2008,NL-West,LAN,SFN,9,9,0,18
2009,AL-Central,CHA,DET,9,9,0,18
2009,AL-Central,CHA,KCA,9,9,0,18
2009,AL-Central,DET,KCA,9,9,0,18
2009,AL-East,BAL,TOR,9,9,0,18
2009,AL-East,BOS,NYA,9,9,0,18
2009,AL-East,BOS,TBA,9,9,0,18
2009,NL-Central,CIN,SLN,8,8,0,16
2009,NL-Central,MIL,SLN,9,9,0,18
2009,NL-East,FLO,PHI,9,9,0,18
2010,AL-Central,CHA,CLE,9,9,0,18
2010,AL-Central,CLE,DET,9,9,0,18
2010,AL-Central,DET,MIN,9,9,0,18
2010,AL-East,BAL,BOS,9,9,0,18
2010,AL-East,BOS,NYA,9,9,0,18
2010,NL-East,NYN,PHI,9,9,0,18
2010,NL-East,NYN,WAS,9,9,0,18
2010,NL-West,ARI,COL,9,9,0,18
2010,NL-West,COL,SFN,9,9,0,18
2011,AL-Central,CHA,MIN,9,9,0,18
2011,AL-East,BAL,TBA,9,9,0,18
2011,AL-East,NYA,TBA,9,9,0,18
2011,NL-Central,CHN,PIT,8,8,0,16
2011,NL-Central,CIN,MIL,8,8,0,16
2011,NL-Central,MIL,SLN,9,9,0,18
2011,NL-East,ATL,NYN,9,9,0,18
2011,NL-East,ATL,WAS,9,9,0,18
2011,NL-East,FLO,NYN,9,9,0,18
2011,NL-West,ARI,SFN,9,9,0,18
2011,NL-West,COL,LAN,9,9,0,18
2011,NL-West,COL,SDN,9,9,0,18
2011,NL-West,LAN,SFN,9,9,0,18
2012,AL-East,BAL,NYA,9,9,0,18
2012,AL-East,BOS,TBA,9,9,0,18
2012,NL-Central,CHN,PIT,8,8,0,16
2012,NL-East,MIA,WAS,9,9,0,18
2012,NL-East,PHI,WAS,9,9,0,18
2012,NL-West,ARI,SFN,9,9,0,18
2020,AL-Central,CHA,MIN,5,5,0,10
2020,AL-Central,CLE,KCA,5,5,0,10
2020,AL-Central,KCA,MIN,5,5,0,10
2020,AL-East,BAL,BOS,5,5,0,10
2020,AL-East,BOS,TOR,5,5,0,10
2020,AL-East,NYA,TOR,5,5,0,10
2020,AL-West,ANA,SEA,5,5,0,10
2020,AL-West,HOU,TEX,5,5,0,10
2020,NL-Central,CHN,MIL,5,5,0,10
2020,NL-Central,CHN,SLN,5,5,0,10
2020,NL-Central,MIL,PIT,5,5,0,10
2020,NL-Central,MIL,SLN,5,5,0,10
2020,NL-East,ATL,PHI,5,5,0,10
2020,NL-West,ARI,COL,5,5,0,10
2020,NL-West,ARI,SDN,5,5,0,10
