season,league,division,team1,team2,result,wins1,wins2,ties,games_played
1985,MLB,AL-East,BAL,BOS,BOS,5,8,0,13
1985,MLB,AL-East,BAL,CLE,BAL,8,5,0,13
1985,MLB,AL-East,BAL,DET,DET,6,7,0,13
1985,MLB,AL-East,BAL,MIL,BAL,9,4,0,13
1985,MLB,AL-East,BAL,NYA,NYA,1,12,0,13
1985,MLB,AL-East,BAL,TOR,TOR,4,8,0,12
1985,MLB,AL-East,BOS,CLE,BOS,8,5,0,13
1985,MLB,AL-East,BOS,DET,DET,6,7,0,13
1985,MLB,AL-East,BOS,MIL,MIL,5,8,0,13
1985,MLB,AL-East,BOS,NYA,NYA,5,8,0,13
1985,MLB,AL-East,BOS,TOR,BOS,9,4,0,13
1985,MLB,AL-East,CLE,DET,DET,5,8,0,13
1985,MLB,AL-East,CLE,MIL,CLE,7,6,0,13
1985,MLB,AL-East,CLE,NYA,NYA,6,7,0,13
1985,MLB,AL-East,CLE,TOR,TOR,4,9,0,13
1985,MLB,AL-East,DET,MIL,DET,9,4,0,13
1985,MLB,AL-East,DET,NYA,DET,9,3,0,12
1985,MLB,AL-East,DET,TOR,TOR,6,7,0,13
1985,MLB,AL-East,MIL,NYA,MIL,7,6,0,13
1985,MLB,AL-East,MIL,TOR,TOR,4,9,0,13
1985,MLB,AL-East,NYA,TOR,TOR,6,7,0,13
1985,MLB,AL-West,CAL,CHA,CAL,8,5,0,13
1985,MLB,AL-West,CAL,KCA,KCA,4,9,0,13
1985,MLB,AL-West,CAL,MIN,CAL,9,4,0,13
1985,MLB,AL-West,CAL,OAK,OAK,6,7,0,13
1985,MLB,AL-West,CAL,SEA,CAL,9,4,0,13
1985,MLB,AL-West,CAL,TEX,CAL,9,4,0,13
1985,MLB,AL-West,CHA,KCA,KCA,5,8,0,13
1985,MLB,AL-West,CHA,MIN,MIN,6,7,0,13
1985,MLB,AL-West,CHA,OAK,CHA,8,5,0,13
1985,MLB,AL-West,CHA,SEA,CHA,9,4,0,13
1985,MLB,AL-West,CHA,TEX,CHA,10,3,0,13
1985,MLB,AL-West,KCA,MIN,KCA,7,6,0,13
1985,MLB,AL-West,KCA,OAK,KCA,8,5,0,13
1985,MLB,AL-West,KCA,SEA,SEA,3,10,0,13
1985,MLB,AL-West,KCA,TEX,TEX,6,7,0,13
1985,MLB,AL-West,MIN,OAK,MIN,8,5,0,13
1985,MLB,AL-West,MIN,SEA,SEA,6,7,0,13
1985,MLB,AL-West,MIN,TEX,MIN,8,5,0,13
1985,MLB,AL-West,OAK,SEA,OAK,8,5,0,13
1985,MLB,AL-West,OAK,TEX,TEX,6,7,0,13
1985,MLB,AL-West,SEA,TEX,TEX,6,7,0,13
1985,MLB,NL-East,CHN,MON,MON,7,11,0,18
1985,MLB,NL-East,CHN,NYN,NYN,4,14,0,18
1985,MLB,NL-East,CHN,PHI,CHN,13,5,0,18
1985,MLB,NL-East,CHN,PIT,CHN,13,5,0,18
1985,MLB,NL-East,CHN,SLN,SLN,4,14,0,18
1985,MLB,NL-East,MON,NYN,TIE,9,9,0,18
1985,MLB,NL-East,MON,PHI,PHI,8,10,0,18
1985,MLB,NL-East,MON,PIT,MON,9,8,0,17
1985,MLB,NL-East,MON,SLN,MON,11,7,0,18
1985,MLB,NL-East,NYN,PHI,NYN,11,7,0,18
1985,MLB,NL-East,NYN,PIT,NYN,10,8,0,18
1985,MLB,NL-East,NYN,SLN,SLN,8,10,0,18
1985,MLB,NL-East,PHI,PIT,PHI,11,7,0,18
1985,MLB,NL-East,PHI,SLN,SLN,8,10,0,18
1985,MLB,NL-East,PIT,SLN,SLN,3,15,0,18
1985,MLB,NL-West,ATL,CIN,CIN,7,11,0,18
1985,MLB,NL-West,ATL,HOU,HOU,8,10,0,18
1985,MLB,NL-West,ATL,LAN,LAN,5,13,0,18
1985,MLB,NL-West,ATL,SDN,SDN,7,11,0,18
1985,MLB,NL-West,ATL,SFN,ATL,10,8,0,18
1985,MLB,NL-West,CIN,HOU,CIN,11,7,0,18
1985,MLB,NL-West,CIN,LAN,LAN,7,11,0,18
1985,MLB,NL-West,CIN,SDN,TIE,9,9,0,18
1985,MLB,NL-West,CIN,SFN,CIN,12,6,0,18
1985,MLB,NL-West,HOU,LAN,LAN,6,12,0,18
1985,MLB,NL-West,HOU,SDN,HOU,12,6,0,18
1985,MLB,NL-West,HOU,SFN,HOU,15,3,0,18
1985,MLB,NL-West,LAN,SDN,SDN,8,10,0,18
1985,MLB,NL-West,LAN,SFN,LAN,11,7,0,18
1985,MLB,NL-West,SDN,SFN,SDN,12,6,0,18
1986,MLB,AL-East,BAL,BOS,BOS,4,9,0,13
1986,MLB,AL-East,BAL,CLE,CLE,4,9,0,13
1986,MLB,AL-East,BAL,DET,DET,1,12,0,13
1986,MLB,AL-East,BAL,MIL,MIL,6,7,0,13
1986,MLB,AL-East,BAL,NYA,NYA,5,8,0,13
1986,MLB,AL-East,BAL,TOR,BAL,8,5,0,13
1986,MLB,AL-East,BOS,CLE,BOS,10,3,0,13
1986,MLB,AL-East,BOS,DET,BOS,7,6,0,13
1986,MLB,AL-East,BOS,MIL,TIE,6,6,0,12
1986,MLB,AL-East,BOS,NYA,NYA,5,8,0,13
1986,MLB,AL-East,BOS,TOR,BOS,7,6,0,13
1986,MLB,AL-East,CLE,DET,DET,4,9,0,13
1986,MLB,AL-East,CLE,MIL,CLE,8,5,0,13
1986,MLB,AL-East,CLE,NYA,NYA,5,8,0,13
1986,MLB,AL-East,CLE,TOR,TOR,3,10,1,14
1986,MLB,AL-East,DET,MIL,DET,8,5,0,13
1986,MLB,AL-East,DET,NYA,NYA,6,7,0,13
1986,MLB,AL-East,DET,TOR,TOR,4,9,0,13
1986,MLB,AL-East,MIL,NYA,MIL,8,5,0,13
1986,MLB,AL-East,MIL,TOR,MIL,7,6,0,13
1986,MLB,AL-East,NYA,TOR,NYA,7,6,0,13
1986,MLB,AL-West,CAL,CHA,CAL,7,6,0,13
1986,MLB,AL-West,CAL,KCA,CAL,8,5,0,13
1986,MLB,AL-West,CAL,MIN,CAL,7,6,0,13
1986,MLB,AL-West,CAL,OAK,CAL,10,3,0,13
1986,MLB,AL-West,CAL,SEA,CAL,8,5,0,13
1986,MLB,AL-West,CAL,TEX,CAL,8,5,0,13
1986,MLB,AL-West,CHA,KCA,CHA,7,6,0,13
1986,MLB,AL-West,CHA,MIN,MIN,6,7,0,13
1986,MLB,AL-West,CHA,OAK,CHA,7,6,0,13
1986,MLB,AL-West,CHA,SEA,CHA,8,5,0,13
1986,MLB,AL-West,CHA,TEX,TEX,2,11,0,13
1986,MLB,AL-West,KCA,MIN,MIN,6,7,0,13
1986,MLB,AL-West,KCA,OAK,KCA,8,5,0,13
1986,MLB,AL-West,KCA,SEA,SEA,5,8,0,13
1986,MLB,AL-West,KCA,TEX,KCA,8,5,0,13
1986,MLB,AL-West,MIN,OAK,OAK,6,7,0,13
1986,MLB,AL-West,MIN,SEA,SEA,6,7,0,13
1986,MLB,AL-West,MIN,TEX,TEX,6,7,0,13
1986,MLB,AL-West,OAK,SEA,OAK,10,3,0,13
1986,MLB,AL-West,OAK,TEX,TEX,3,10,0,13
1986,MLB,AL-West,SEA,TEX,TEX,4,9,0,13
1986,MLB,NL-East,CHN,MON,MON,8,10,0,18
1986,MLB,NL-East,CHN,NYN,NYN,6,12,0,18
1986,MLB,NL-East,CHN,PHI,CHN,9,8,0,17
1986,MLB,NL-East,CHN,PIT,PIT,7,11,0,18
1986,MLB,NL-East,CHN,SLN,CHN,10,7,0,17
1986,MLB,NL-East,MON,NYN,NYN,8,10,0,18
1986,MLB,NL-East,MON,PHI,PHI,8,10,0,18
1986,MLB,NL-East,MON,PIT,MON,11,7,0,18
1986,MLB,NL-East,MON,SLN,TIE,9,9,0,18
1986,MLB,NL-East,NYN,PHI,PHI,8,10,0,18
1986,MLB,NL-East,NYN,PIT,NYN,17,1,0,18
1986,MLB,NL-East,NYN,SLN,NYN,12,6,0,18
1986,MLB,NL-East,PHI,PIT,PHI,11,7,0,18
1986,MLB,NL-East,PHI,SLN,SLN,6,12,0,18
1986,MLB,NL-East,PIT,SLN,SLN,7,11,0,18
1986,MLB,NL-West,ATL,CIN,CIN,6,12,0,18
1986,MLB,NL-West,ATL,HOU,HOU,5,13,0,18
1986,MLB,NL-West,ATL,LAN,ATL,10,8,0,18
1986,MLB,NL-West,ATL,SDN,ATL,12,6,0,18
1986,MLB,NL-West,ATL,SFN,SFN,7,11,0,18
1986,MLB,NL-West,CIN,HOU,HOU,4,14,0,18
1986,MLB,NL-West,CIN,LAN,CIN,10,8,0,18
1986,MLB,NL-West,CIN,SDN,TIE,9,9,0,18
1986,MLB,NL-West,CIN,SFN,TIE,9,9,0,18
1986,MLB,NL-West,HOU,LAN,HOU,10,8,0,18
1986,MLB,NL-West,HOU,SDN,HOU,10,8,0,18
1986,MLB,NL-West,HOU,SFN,TIE,9,9,0,18
1986,MLB,NL-West,LAN,SDN,SDN,6,12,0,18
1986,MLB,NL-West,LAN,SFN,SFN,8,10,0,18
1986,MLB,NL-West,SDN,SFN,SFN,8,10,0,18
1987,MLB,AL-East,BAL,BOS,BOS,1,12,0,13
1987,MLB,AL-East,BAL,CLE,BAL,7,6,0,13
1987,MLB,AL-East,BAL,DET,DET,4,9,0,13
1987,MLB,AL-East,BAL,MIL,MIL,2,11,0,13
1987,MLB,AL-East,BAL,NYA,NYA,3,10,0,13
1987,MLB,AL-East,BAL,TOR,TOR,1,12,0,13
1987,MLB,AL-East,BOS,CLE,BOS,7,6,0,13
1987,MLB,AL-East,BOS,DET,DET,2,11,0,13
1987,MLB,AL-East,BOS,MIL,MIL,6,7,0,13
1987,MLB,AL-East,BOS,NYA,BOS,7,6,0,13
1987,MLB,AL-East,BOS,TOR,TOR,6,7,0,13
1987,MLB,AL-East,CLE,DET,DET,4,9,0,13
1987,MLB,AL-East,CLE,MIL,MIL,4,9,0,13
1987,MLB,AL-East,CLE,NYA,NYA,6,7,0,13
1987,MLB,AL-East,CLE,TOR,TOR,5,8,0,13
1987,MLB,AL-East,DET,MIL,MIL,6,7,0,13
1987,MLB,AL-East,DET,NYA,NYA,5,8,0,13
1987,MLB,AL-East,DET,TOR,DET,7,6,0,13
1987,MLB,AL-East,MIL,NYA,MIL,7,6,0,13
1987,MLB,AL-East,MIL,TOR,MIL,9,4,0,13
1987,MLB,AL-East,NYA,TOR,TOR,6,7,0,13
1987,MLB,AL-West,CAL,CHA,CAL,8,5,0,13
1987,MLB,AL-West,CAL,KCA,KCA,5,8,0,13
1987,MLB,AL-West,CAL,MIN,CAL,8,5,0,13
1987,MLB,AL-West,CAL,OAK,OAK,6,7,0,13
1987,MLB,AL-West,CAL,SEA,CAL,7,6,0,13
1987,MLB,AL-West,CAL,TEX,TEX,5,8,0,13
1987,MLB,AL-West,CHA,KCA,KCA,6,7,0,13
1987,MLB,AL-West,CHA,MIN,MIN,6,7,0,13
1987,MLB,AL-West,CHA,OAK,CHA,9,4,0,13
1987,MLB,AL-West,CHA,SEA,SEA,6,7,0,13
1987,MLB,AL-West,CHA,TEX,CHA,7,6,0,13
1987,MLB,AL-West,KCA,MIN,KCA,8,5,0,13
1987,MLB,AL-West,KCA,OAK,OAK,5,8,0,13
1987,MLB,AL-West,KCA,SEA,KCA,9,4,0,13
1987,MLB,AL-West,KCA,TEX,KCA,7,6,0,13
1987,MLB,AL-West,MIN,OAK,MIN,10,3,0,13
1987,MLB,AL-West,MIN,SEA,MIN,9,4,0,13
1987,MLB,AL-West,MIN,TEX,TEX,6,7,0,13
1987,MLB,AL-West,OAK,SEA,SEA,5,8,0,13
1987,MLB,AL-West,OAK,TEX,TEX,6,7,0,13
1987,MLB,AL-West,SEA,TEX,SEA,9,4,0,13
1987,MLB,NL-East,CHN,MON,CHN,10,8,0,18
1987,MLB,NL-East,CHN,NYN,TIE,9,9,0,18
1987,MLB,NL-East,CHN,PHI,PHI,8,10,0,18
1987,MLB,NL-East,CHN,PIT,PIT,4,14,0,18
1987,MLB,NL-East,CHN,SLN,SLN,6,12,0,18
1987,MLB,NL-East,MON,NYN,NYN,8,10,0,18
1987,MLB,NL-East,MON,PHI,MON,10,8,0,18
1987,MLB,NL-East,MON,PIT,MON,11,7,0,18
1987,MLB,NL-East,MON,SLN,MON,11,7,0,18
1987,MLB,NL-East,NYN,PHI,NYN,13,5,0,18
1987,MLB,NL-East,NYN,PIT,NYN,12,6,0,18
1987,MLB,NL-East,NYN,SLN,TIE,9,9,0,18
1987,MLB,NL-East,PHI,PIT,PHI,11,7,0,18
1987,MLB,NL-East,PHI,SLN,SLN,8,10,0,18
1987,MLB,NL-East,PIT,SLN,SLN,7,11,0,18
1987,MLB,NL-West,ATL,CIN,CIN,8,10,0,18
1987,MLB,NL-West,ATL,HOU,HOU,8,10,0,18
1987,MLB,NL-West,ATL,LAN,LAN,6,12,0,18
1987,MLB,NL-West,ATL,SDN,SDN,6,12,0,18
1987,MLB,NL-West,ATL,SFN,SFN,8,10,0,18
1987,MLB,NL-West,CIN,HOU,CIN,13,5,0,18
1987,MLB,NL-West,CIN,LAN,CIN,10,8,0,18
1987,MLB,NL-West,CIN,SDN,CIN,12,6,0,18
1987,MLB,NL-West,CIN,SFN,SFN,7,11,0,18
1987,MLB,NL-West,HOU,LAN,HOU,12,6,0,18
1987,MLB,NL-West,HOU,SDN,SDN,5,13,0,18
1987,MLB,NL-West,HOU,SFN,HOU,10,8,0,18
1987,MLB,NL-West,LAN,SDN,LAN,11,7,0,18
1987,MLB,NL-West,LAN,SFN,LAN,10,8,0,18
1987,MLB,NL-West,SDN,SFN,SFN,5,13,0,18
1988,MLB,AL-East,BAL,BOS,BOS,4,9,0,13
1988,MLB,AL-East,BAL,CLE,CLE,4,9,0,13
1988,MLB,AL-East,BAL,DET,DET,5,8,0,13
1988,MLB,AL-East,BAL,MIL,MIL,4,9,0,13
1988,MLB,AL-East,BAL,NYA,NYA,3,10,0,13
1988,MLB,AL-East,BAL,TOR,TOR,5,8,0,13
1988,MLB,AL-East,BOS,CLE,BOS,8,5,0,13
1988,MLB,AL-East,BOS,DET,DET,6,7,0,13
1988,MLB,AL-East,BOS,MIL,BOS,10,3,0,13
1988,MLB,AL-East,BOS,NYA,BOS,9,4,0,13
1988,MLB,AL-East,BOS,TOR,TOR,2,11,0,13
1988,MLB,AL-East,CLE,DET,DET,4,9,0,13
1988,MLB,AL-East,CLE,MIL,CLE,9,4,0,13
1988,MLB,AL-East,CLE,NYA,NYA,6,7,0,13
1988,MLB,AL-East,CLE,TOR,TOR,6,7,0,13
1988,MLB,AL-East,DET,MIL,MIL,5,8,0,13
1988,MLB,AL-East,DET,NYA,DET,8,5,0,13
1988,MLB,AL-East,DET,TOR,TOR,5,8,0,13
1988,MLB,AL-East,MIL,NYA,NYA,6,7,0,13
1988,MLB,AL-East,MIL,TOR,MIL,7,6,0,13
1988,MLB,AL-East,NYA,TOR,TOR,6,7,0,13
1988,MLB,AL-West,CAL,CHA,CAL,9,4,0,13
1988,MLB,AL-West,CAL,KCA,KCA,5,8,0,13
1988,MLB,AL-West,CAL,MIN,MIN,4,9,0,13
1988,MLB,AL-West,CAL,OAK,OAK,4,9,0,13
1988,MLB,AL-West,CAL,SEA,SEA,6,7,0,13
1988,MLB,AL-West,CAL,TEX,CAL,8,5,0,13
1988,MLB,AL-West,CHA,KCA,CHA,7,6,0,13
1988,MLB,AL-West,CHA,MIN,MIN,4,9,0,13
1988,MLB,AL-West,CHA,OAK,OAK,5,8,0,13
1988,MLB,AL-West,CHA,SEA,CHA,9,4,0,13
1988,MLB,AL-West,CHA,TEX,CHA,8,5,0,13
1988,MLB,AL-West,KCA,MIN,KCA,7,6,0,13
1988,MLB,AL-West,KCA,OAK,KCA,8,5,0,13
1988,MLB,AL-West,KCA,SEA,KCA,7,5,0,12
1988,MLB,AL-West,KCA,TEX,KCA,7,6,0,13
1988,MLB,AL-West,MIN,OAK,OAK,5,8,0,13
1988,MLB,AL-West,MIN,SEA,MIN,8,5,0,13
1988,MLB,AL-West,MIN,TEX,MIN,7,6,0,13
1988,MLB,AL-West,OAK,SEA,OAK,9,4,0,13
1988,MLB,AL-West,OAK,TEX,OAK,8,5,0,13
1988,MLB,AL-West,SEA,TEX,TEX,6,7,0,13
1988,MLB,NL-East,CHN,MON,TIE,9,9,0,18
1988,MLB,NL-East,CHN,NYN,TIE,9,9,0,18
1988,MLB,NL-East,CHN,PHI,PHI,8,10,0,18
1988,MLB,NL-East,CHN,PIT,PIT,7,11,0,18
1988,MLB,NL-East,CHN,SLN,SLN,7,11,0,18
1988,MLB,NL-East,MON,NYN,NYN,6,12,0,18
1988,MLB,NL-East,MON,PHI,TIE,9,9,1,19
1988,MLB,NL-East,MON,PIT,PIT,8,10,0,18
1988,MLB,NL-East,MON,SLN,MON,13,5,0,18
1988,MLB,NL-East,NYN,PHI,NYN,10,8,0,18
1988,MLB,NL-East,NYN,PIT,NYN,12,6,0,18
1988,MLB,NL-East,NYN,SLN,NYN,14,4,0,18
1988,MLB,NL-East,PHI,PIT,PIT,7,11,0,18
1988,MLB,NL-East,PHI,SLN,SLN,6,12,0,18
1988,MLB,NL-East,PIT,SLN,PIT,11,7,0,18
1988,MLB,NL-West,ATL,CIN,CIN,5,13,0,18
1988,MLB,NL-West,ATL,HOU,HOU,5,13,0,18
1988,MLB,NL-West,ATL,LAN,LAN,4,14,0,18
1988,MLB,NL-West,ATL,SDN,SDN,8,10,0,18
1988,MLB,NL-West,ATL,SFN,SFN,5,13,0,18
1988,MLB,NL-West,CIN,HOU,TIE,9,9,0,18
1988,MLB,NL-West,CIN,LAN,LAN,7,11,0,18
1988,MLB,NL-West,CIN,SDN,CIN,10,8,0,18
1988,MLB,NL-West,CIN,SFN,CIN,11,7,0,18
1988,MLB,NL-West,HOU,LAN,TIE,9,9,0,18
1988,MLB,NL-West,HOU,SDN,SDN,6,12,0,18
1988,MLB,NL-West,HOU,SFN,SFN,7,11,0,18
1988,MLB,NL-West,LAN,SDN,SDN,7,11,0,18
1988,MLB,NL-West,LAN,SFN,LAN,12,6,0,18
1988,MLB,NL-West,SDN,SFN,SFN,8,10,0,18
1989,MLB,AL-East,BAL,BOS,BOS,6,7,0,13
1989,MLB,AL-East,BAL,CLE,BAL,7,6,0,13
1989,MLB,AL-East,BAL,DET,BAL,10,3,0,13
1989,MLB,AL-East,BAL,MIL,BAL,7,6,0,13
1989,MLB,AL-East,BAL,NYA,BAL,8,5,0,13
1989,MLB,AL-East,BAL,TOR,BAL,7,6,0,13
1989,MLB,AL-East,BOS,CLE,BOS,8,5,0,13
1989,MLB,AL-East,BOS,DET,BOS,11,2,0,13
1989,MLB,AL-East,BOS,MIL,MIL,6,7,0,13
1989,MLB,AL-East,BOS,NYA,BOS,7,6,0,13
1989,MLB,AL-East,BOS,TOR,TOR,5,8,0,13
1989,MLB,AL-East,CLE,DET,DET,5,8,0,13
1989,MLB,AL-East,CLE,MIL,MIL,3,10,0,13
1989,MLB,AL-East,CLE,NYA,CLE,9,4,0,13
1989,MLB,AL-East,CLE,TOR,TOR,5,8,0,13
1989,MLB,AL-East,DET,MIL,MIL,6,7,0,13
1989,MLB,AL-East,DET,NYA,NYA,6,7,0,13
1989,MLB,AL-East,DET,TOR,TOR,2,11,0,13
1989,MLB,AL-East,MIL,NYA,MIL,8,5,0,13
1989,MLB,AL-East,MIL,TOR,TOR,6,7,0,13
1989,MLB,AL-East,NYA,TOR,NYA,7,6,0,13
1989,MLB,AL-West,CAL,CHA,CAL,8,5,0,13
1989,MLB,AL-West,CAL,KCA,KCA,4,9,0,13
1989,MLB,AL-West,CAL,MIN,CAL,11,2,0,13
1989,MLB,AL-West,CAL,OAK,OAK,5,8,0,13
1989,MLB,AL-West,CAL,SEA,CAL,7,6,0,13
1989,MLB,AL-West,CAL,TEX,TEX,6,7,0,13
1989,MLB,AL-West,CHA,KCA,KCA,6,7,0,13
1989,MLB,AL-West,CHA,MIN,MIN,5,8,0,13
1989,MLB,AL-West,CHA,OAK,OAK,5,8,0,13
1989,MLB,AL-West,CHA,SEA,CHA,7,6,0,13
1989,MLB,AL-West,CHA,TEX,TEX,3,10,0,13
1989,MLB,AL-West,KCA,MIN,KCA,7,6,0,13
1989,MLB,AL-West,KCA,OAK,KCA,7,6,0,13
1989,MLB,AL-West,KCA,SEA,KCA,9,4,0,13
1989,MLB,AL-West,KCA,TEX,KCA,8,5,0,13
1989,MLB,AL-West,MIN,OAK,OAK,6,7,0,13
1989,MLB,AL-West,MIN,SEA,MIN,7,6,0,13
1989,MLB,AL-West,MIN,TEX,TEX,5,8,0,13
1989,MLB,AL-West,OAK,SEA,OAK,9,4,0,13
1989,MLB,AL-West,OAK,TEX,OAK,8,5,0,13
1989,MLB,AL-West,SEA,TEX,TEX,6,7,0,13
1989,MLB,NL-East,CHN,MON,CHN,10,8,0,18
1989,MLB,NL-East,CHN,NYN,CHN,10,8,0,18
1989,MLB,NL-East,CHN,PHI,CHN,10,8,0,18
1989,MLB,NL-East,CHN,PIT,CHN,12,6,0,18
1989,MLB,NL-East,CHN,SLN,CHN,11,7,0,18
1989,MLB,NL-East,MON,NYN,TIE,9,9,0,18
1989,MLB,NL-East,MON,PHI,TIE,9,9,0,18
1989,MLB,NL-East,MON,PIT,MON,11,7,0,18
1989,MLB,NL-East,MON,SLN,SLN,5,13,0,18
1989,MLB,NL-East,NYN,PHI,NYN,12,6,0,18
1989,MLB,NL-East,NYN,PIT,TIE,9,9,0,18
1989,MLB,NL-East,NYN,SLN,NYN,10,8,0,18
1989,MLB,NL-East,PHI,PIT,PHI,10,8,1,19
1989,MLB,NL-East,PHI,SLN,SLN,7,11,0,18
1989,MLB,NL-East,PIT,SLN,PIT,13,5,1,19
1989,MLB,NL-West,ATL,CIN,CIN,8,10,0,18
1989,MLB,NL-West,ATL,HOU,HOU,8,10,0,18
1989,MLB,NL-West,ATL,LAN,LAN,6,10,0,16
1989,MLB,NL-West,ATL,SDN,SDN,7,11,0,18
1989,MLB,NL-West,ATL,SFN,SFN,6,12,0,18
1989,MLB,NL-West,CIN,HOU,HOU,8,10,0,18
1989,MLB,NL-West,CIN,LAN,LAN,8,10,0,18
1989,MLB,NL-West,CIN,SDN,TIE,9,9,0,18
1989,MLB,NL-West,CIN,SFN,SFN,8,10,0,18
1989,MLB,NL-West,HOU,LAN,HOU,10,8,0,18
1989,MLB,NL-West,HOU,SDN,SDN,8,10,0,18
1989,MLB,NL-West,HOU,SFN,SFN,8,10,0,18
1989,MLB,NL-West,LAN,SDN,SDN,6,12,0,18
1989,MLB,NL-West,LAN,SFN,LAN,10,8,0,18
1989,MLB,NL-West,SDN,SFN,SFN,8,10,0,18
1990,MLB,AL-East,BAL,BOS,BOS,4,9,0,13
1990,MLB,AL-East,BAL,CLE,CLE,6,7,0,13
1990,MLB,AL-East,BAL,DET,DET,6,7,0,13
1990,MLB,AL-East,BAL,MIL,BAL,7,6,0,13
1990,MLB,AL-East,BAL,NYA,NYA,6,7,0,13
1990,MLB,AL-East,BAL,TOR,TOR,5,8,0,13
1990,MLB,AL-East,BOS,CLE,BOS,9,4,0,13
1990,MLB,AL-East,BOS,DET,BOS,8,5,0,13
1990,MLB,AL-East,BOS,MIL,MIL,5,8,0,13
1990,MLB,AL-East,BOS,NYA,BOS,9,4,0,13
1990,MLB,AL-East,BOS,TOR,BOS,10,3,0,13
1990,MLB,AL-East,CLE,DET,DET,5,8,0,13
1990,MLB,AL-East,CLE,MIL,CLE,9,4,0,13
1990,MLB,AL-East,CLE,NYA,NYA,5,8,0,13
1990,MLB,AL-East,CLE,TOR,TOR,4,9,0,13
1990,MLB,AL-East,DET,MIL,MIL,3,10,0,13
1990,MLB,AL-East,DET,NYA,DET,7,6,0,13
1990,MLB,AL-East,DET,TOR,TOR,5,8,0,13
1990,MLB,AL-East,MIL,NYA,NYA,6,7,0,13
1990,MLB,AL-East,MIL,TOR,MIL,7,6,0,13
1990,MLB,AL-East,NYA,TOR,TOR,5,8,0,13
1990,MLB,AL-West,CAL,CHA,CHA,5,8,0,13
1990,MLB,AL-West,CAL,KCA,CAL,7,6,0,13
1990,MLB,AL-West,CAL,MIN,CAL,9,4,0,13
1990,MLB,AL-West,CAL,OAK,OAK,4,9,0,13
1990,MLB,AL-West,CAL,SEA,SEA,5,8,0,13
1990,MLB,AL-West,CAL,TEX,CAL,8,5,0,13
1990,MLB,AL-West,CHA,KCA,CHA,9,4,0,13
1990,MLB,AL-West,CHA,MIN,CHA,7,6,0,13
1990,MLB,AL-West,CHA,OAK,CHA,8,5,0,13
1990,MLB,AL-West,CHA,SEA,CHA,8,5,0,13
1990,MLB,AL-West,CHA,TEX,CHA,7,6,0,13
1990,MLB,AL-West,KCA,MIN,KCA,8,5,0,13
1990,MLB,AL-West,KCA,OAK,OAK,4,9,0,13
1990,MLB,AL-West,KCA,SEA,KCA,7,6,0,13
1990,MLB,AL-West,KCA,TEX,TEX,5,8,0,13
1990,MLB,AL-West,MIN,OAK,OAK,6,7,0,13
1990,MLB,AL-West,MIN,SEA,SEA,6,7,0,13
1990,MLB,AL-West,MIN,TEX,TEX,5,8,0,13
1990,MLB,AL-West,OAK,SEA,OAK,9,4,0,13
1990,MLB,AL-West,OAK,TEX,OAK,8,5,0,13
1990,MLB,AL-West,SEA,TEX,SEA,7,6,0,13
1990,MLB,NL-East,CHN,MON,CHN,11,7,0,18
1990,MLB,NL-East,CHN,NYN,TIE,9,9,0,18
1990,MLB,NL-East,CHN,PHI,CHN,11,7,0,18
1990,MLB,NL-East,CHN,PIT,PIT,4,14,0,18
1990,MLB,NL-East,CHN,SLN,SLN,8,10,0,18
1990,MLB,NL-East,MON,NYN,NYN,8,10,0,18
1990,MLB,NL-East,MON,PHI,MON,10,8,0,18
1990,MLB,NL-East,MON,PIT,MON,13,5,0,18
1990,MLB,NL-East,MON,SLN,MON,11,7,0,18
1990,MLB,NL-East,NYN,PHI,NYN,10,8,0,18
1990,MLB,NL-East,NYN,PIT,NYN,10,8,0,18
1990,MLB,NL-East,NYN,SLN,NYN,12,6,0,18
1990,MLB,NL-East,PHI,PIT,PIT,6,12,0,18
1990,MLB,NL-East,PHI,SLN,PHI,10,8,0,18
1990,MLB,NL-East,PIT,SLN,PIT,10,8,0,18
1990,MLB,NL-West,ATL,CIN,CIN,8,10,0,18
1990,MLB,NL-West,ATL,HOU,HOU,5,13,0,18
1990,MLB,NL-West,ATL,LAN,LAN,6,12,0,18
1990,MLB,NL-West,ATL,SDN,SDN,8,10,0,18
1990,MLB,NL-West,ATL,SFN,SFN,5,13,0,18
1990,MLB,NL-West,CIN,HOU,CIN,11,7,0,18
1990,MLB,NL-West,CIN,LAN,TIE,9,9,0,18
1990,MLB,NL-West,CIN,SDN,TIE,9,9,0,18
1990,MLB,NL-West,CIN,SFN,SFN,7,11,0,18
1990,MLB,NL-West,HOU,LAN,TIE,9,9,0,18
1990,MLB,NL-West,HOU,SDN,SDN,4,14,0,18
1990,MLB,NL-West,HOU,SFN,HOU,10,8,0,18
1990,MLB,NL-West,LAN,SDN,TIE,9,9,0,18
1990,MLB,NL-West,LAN,SFN,SFN,8,10,0,18
1990,MLB,NL-West,SDN,SFN,SFN,7,11,0,18
1991,MLB,AL-East,BAL,BOS,BAL,8,5,0,13
1991,MLB,AL-East,BAL,CLE,BAL,7,6,0,13
1991,MLB,AL-East,BAL,DET,DET,5,8,0,13
1991,MLB,AL-East,BAL,MIL,MIL,3,10,0,13
1991,MLB,AL-East,BAL,NYA,NYA,5,8,0,13
1991,MLB,AL-East,BAL,TOR,TOR,5,8,0,13
1991,MLB,AL-East,BOS,CLE,BOS,9,4,0,13
1991,MLB,AL-East,BOS,DET,DET,5,8,0,13
1991,MLB,AL-East,BOS,MIL,BOS,7,6,0,13
1991,MLB,AL-East,BOS,NYA,NYA,6,7,0,13
1991,MLB,AL-East,BOS,TOR,BOS,9,4,0,13
1991,MLB,AL-East,CLE,DET,CLE,7,6,0,13
1991,MLB,AL-East,CLE,MIL,MIL,5,8,0,13
1991,MLB,AL-East,CLE,NYA,NYA,6,7,0,13
1991,MLB,AL-East,CLE,TOR,TOR,1,12,0,13
1991,MLB,AL-East,DET,MIL,MIL,4,9,0,13
1991,MLB,AL-East,DET,NYA,DET,8,5,0,13
1991,MLB,AL-East,DET,TOR,TOR,5,8,0,13
1991,MLB,AL-East,MIL,NYA,NYA,6,7,0,13
1991,MLB,AL-East,MIL,TOR,TOR,6,7,0,13
1991,MLB,AL-East,NYA,TOR,TOR,6,7,0,13
1991,MLB,AL-West,CAL,CHA,CAL,8,5,0,13
1991,MLB,AL-West,CAL,KCA,CAL,9,4,0,13
1991,MLB,AL-West,CAL,MIN,CAL,8,5,0,13
1991,MLB,AL-West,CAL,OAK,OAK,1,12,0,13
1991,MLB,AL-West,CAL,SEA,SEA,6,7,0,13
1991,MLB,AL-West,CAL,TEX,TEX,5,8,0,13
1991,MLB,AL-West,CHA,KCA,CHA,7,6,0,13
1991,MLB,AL-West,CHA,MIN,CHA,8,5,0,13
1991,MLB,AL-West,CHA,OAK,CHA,7,6,0,13
1991,MLB,AL-West,CHA,SEA,CHA,7,6,0,13
1991,MLB,AL-West,CHA,TEX,CHA,8,5,0,13
1991,MLB,AL-West,KCA,MIN,MIN,6,7,0,13
1991,MLB,AL-West,KCA,OAK,OAK,6,7,0,13
1991,MLB,AL-West,KCA,SEA,KCA,7,6,0,13
1991,MLB,AL-West,KCA,TEX,KCA,7,6,0,13
1991,MLB,AL-West,MIN,OAK,MIN,8,5,0,13
1991,MLB,AL-West,MIN,SEA,MIN,9,4,0,13
1991,MLB,AL-West,MIN,TEX,TEX,6,7,0,13
1991,MLB,AL-West,OAK,SEA,SEA,6,7,0,13
1991,MLB,AL-West,OAK,TEX,TEX,4,9,0,13
1991,MLB,AL-West,SEA,TEX,TEX,5,8,0,13
1991,MLB,NL-East,CHN,MON,CHN,10,7,0,17
1991,MLB,NL-East,CHN,NYN,CHN,11,6,0,17
1991,MLB,NL-East,CHN,PHI,PHI,8,10,0,18
1991,MLB,NL-East,CHN,PIT,PIT,7,11,0,18
1991,MLB,NL-East,CHN,SLN,CHN,10,8,0,18
1991,MLB,NL-East,MON,NYN,NYN,4,14,0,18
1991,MLB,NL-East,MON,PHI,PHI,4,14,0,18
1991,MLB,NL-East,MON,PIT,PIT,6,12,0,18
1991,MLB,NL-East,MON,SLN,SLN,7,11,0,18
1991,MLB,NL-East,NYN,PHI,NYN,11,7,0,18
1991,MLB,NL-East,NYN,PIT,PIT,6,12,0,18
1991,MLB,NL-East,NYN,SLN,SLN,7,11,0,18
1991,MLB,NL-East,PHI,PIT,PIT,6,12,0,18
1991,MLB,NL-East,PHI,SLN,SLN,6,12,0,18
1991,MLB,NL-East,PIT,SLN,PIT,11,7,0,18
1991,MLB,NL-West,ATL,CIN,ATL,11,7,0,18
1991,MLB,NL-West,ATL,HOU,ATL,13,5,0,18
1991,MLB,NL-West,ATL,LAN,LAN,7,11,0,18
1991,MLB,NL-West,ATL,SDN,ATL,11,7,0,18
1991,MLB,NL-West,ATL,SFN,TIE,9,9,0,18
1991,MLB,NL-West,CIN,HOU,TIE,9,9,0,18
1991,MLB,NL-West,CIN,LAN,LAN,6,12,0,18
1991,MLB,NL-West,CIN,SDN,SDN,8,10,0,18
1991,MLB,NL-West,CIN,SFN,CIN,10,8,0,18
1991,MLB,NL-West,HOU,LAN,LAN,8,10,0,18
1991,MLB,NL-West,HOU,SDN,SDN,6,12,0,18
1991,MLB,NL-West,HOU,SFN,TIE,9,9,0,18
1991,MLB,NL-West,LAN,SDN,LAN,10,8,0,18
1991,MLB,NL-West,LAN,SFN,SFN,8,10,0,18
1991,MLB,NL-West,SDN,SFN,SDN,11,7,0,18
1992,MLB,AL-East,BAL,BOS,BAL,8,5,0,13
1992,MLB,AL-East,BAL,CLE,BAL,7,6,0,13
1992,MLB,AL-East,BAL,DET,BAL,10,3,0,13
1992,MLB,AL-East,BAL,MIL,MIL,6,7,0,13
1992,MLB,AL-East,BAL,NYA,NYA,5,8,0,13
1992,MLB,AL-East,BAL,TOR,TOR,5,8,0,13
1992,MLB,AL-East,BOS,CLE,CLE,6,7,0,13
1992,MLB,AL-East,BOS,DET,DET,4,9,0,13
1992,MLB,AL-East,BOS,MIL,MIL,5,8,0,13
1992,MLB,AL-East,BOS,NYA,BOS,7,6,0,13
1992,MLB,AL-East,BOS,TOR,BOS,7,6,0,13
1992,MLB,AL-East,CLE,DET,DET,5,8,0,13
1992,MLB,AL-East,CLE,MIL,MIL,5,8,0,13
1992,MLB,AL-East,CLE,NYA,CLE,7,6,0,13
1992,MLB,AL-East,CLE,TOR,TOR,6,7,0,13
1992,MLB,AL-East,DET,MIL,MIL,5,8,0,13
1992,MLB,AL-East,DET,NYA,NYA,5,8,0,13
1992,MLB,AL-East,DET,TOR,TOR,5,8,0,13
1992,MLB,AL-East,MIL,NYA,NYA,6,7,0,13
1992,MLB,AL-East,MIL,TOR,MIL,8,5,0,13
1992,MLB,AL-East,NYA,TOR,TOR,2,11,0,13
1992,MLB,AL-West,CAL,CHA,CHA,3,10,0,13
1992,MLB,AL-West,CAL,KCA,CAL,8,5,0,13
1992,MLB,AL-West,CAL,MIN,MIN,2,11,0,13
1992,MLB,AL-West,CAL,OAK,OAK,5,8,0,13
1992,MLB,AL-West,CAL,SEA,CAL,7,6,0,13
1992,MLB,AL-West,CAL,TEX,CAL,9,4,0,13
1992,MLB,AL-West,CHA,KCA,CHA,7,6,0,13
1992,MLB,AL-West,CHA,MIN,CHA,8,5,0,13
1992,MLB,AL-West,CHA,OAK,OAK,5,8,0,13
1992,MLB,AL-West,CHA,SEA,SEA,4,9,0,13
1992,MLB,AL-West,CHA,TEX,TEX,5,8,0,13
1992,MLB,AL-West,KCA,MIN,MIN,6,7,0,13
1992,MLB,AL-West,KCA,OAK,OAK,4,9,0,13
1992,MLB,AL-West,KCA,SEA,KCA,7,6,0,13
1992,MLB,AL-West,KCA,TEX,TEX,6,7,0,13
1992,MLB,AL-West,MIN,OAK,OAK,5,8,0,13
1992,MLB,AL-West,MIN,SEA,MIN,8,5,0,13
1992,MLB,AL-West,MIN,TEX,TEX,6,7,0,13
1992,MLB,AL-West,OAK,SEA,OAK,12,1,0,13
1992,MLB,AL-West,OAK,TEX,OAK,9,4,0,13
1992,MLB,AL-West,SEA,TEX,TEX,4,9,0,13
1992,MLB,NL-East,CHN,MON,MON,7,11,0,18
1992,MLB,NL-East,CHN,NYN,TIE,9,9,0,18
1992,MLB,NL-East,CHN,PHI,TIE,9,9,0,18
1992,MLB,NL-East,CHN,PIT,PIT,8,10,0,18
1992,MLB,NL-East,CHN,SLN,CHN,11,7,0,18
1992,MLB,NL-East,MON,NYN,MON,12,6,0,18
1992,MLB,NL-East,MON,PHI,TIE,9,9,0,18
1992,MLB,NL-East,MON,PIT,TIE,9,9,0,18
1992,MLB,NL-East,MON,SLN,SLN,6,12,0,18
1992,MLB,NL-East,NYN,PHI,PHI,6,12,0,18
1992,MLB,NL-East,NYN,PIT,PIT,4,14,0,18
1992,MLB,NL-East,NYN,SLN,TIE,9,9,0,18
1992,MLB,NL-East,PHI,PIT,PIT,5,13,0,18
1992,MLB,NL-East,PHI,SLN,SLN,7,11,0,18
1992,MLB,NL-East,PIT,SLN,PIT,15,3,0,18
1992,MLB,NL-West,ATL,CIN,TIE,9,9,0,18
1992,MLB,NL-West,ATL,HOU,ATL,13,5,0,18
1992,MLB,NL-West,ATL,LAN,ATL,12,6,0,18
1992,MLB,NL-West,ATL,SDN,ATL,13,5,0,18
1992,MLB,NL-West,ATL,SFN,ATL,11,7,0,18
1992,MLB,NL-West,CIN,HOU,CIN,10,8,0,18
1992,MLB,NL-West,CIN,LAN,CIN,11,7,0,18
1992,MLB,NL-West,CIN,SDN,CIN,11,7,0,18
1992,MLB,NL-West,CIN,SFN,CIN,10,8,0,18
1992,MLB,NL-West,HOU,LAN,HOU,13,5,0,18
1992,MLB,NL-West,HOU,SDN,SDN,7,11,0,18
1992,MLB,NL-West,HOU,SFN,HOU,12,6,0,18
1992,MLB,NL-West,LAN,SDN,TIE,9,9,0,18
1992,MLB,NL-West,LAN,SFN,SFN,7,11,0,18
1992,MLB,NL-West,SDN,SFN,SDN,11,7,0,18
1993,MLB,AL-East,BAL,BOS,BOS,6,7,0,13
1993,MLB,AL-East,BAL,CLE,BAL,8,5,0,13
1993,MLB,AL-East,BAL,DET,DET,5,8,0,13
1993,MLB,AL-East,BAL,MIL,BAL,8,5,0,13
1993,MLB,AL-East,BAL,NYA,NYA,6,7,0,13
1993,MLB,AL-East,BAL,TOR,TOR,5,8,0,13
1993,MLB,AL-East,BOS,CLE,CLE,5,8,0,13
1993,MLB,AL-East,BOS,DET,DET,6,7,0,13
1993,MLB,AL-East,BOS,MIL,MIL,5,8,0,13
1993,MLB,AL-East,BOS,NYA,NYA,6,7,0,13
1993,MLB,AL-East,BOS,TOR,TOR,3,10,0,13
1993,MLB,AL-East,CLE,DET,DET,6,7,0,13
1993,MLB,AL-East,CLE,MIL,CLE,8,5,0,13
1993,MLB,AL-East,CLE,NYA,NYA,6,7,0,13
1993,MLB,AL-East,CLE,TOR,TOR,4,9,0,13
1993,MLB,AL-East,DET,MIL,DET,8,5,0,13
1993,MLB,AL-East,DET,NYA,NYA,4,9,0,13
1993,MLB,AL-East,DET,TOR,TOR,6,7,0,13
1993,MLB,AL-East,MIL,NYA,NYA,4,9,0,13
1993,MLB,AL-East,MIL,TOR,TOR,5,8,0,13
1993,MLB,AL-East,NYA,TOR,TOR,5,8,0,13
1993,MLB,AL-West,CAL,CHA,CAL,7,6,0,13
1993,MLB,AL-West,CAL,KCA,KCA,6,7,0,13
1993,MLB,AL-West,CAL,MIN,MIN,4,9,0,13
1993,MLB,AL-West,CAL,OAK,OAK,6,7,0,13
1993,MLB,AL-West,CAL,SEA,SEA,6,7,0,13
1993,MLB,AL-West,CAL,TEX,TEX,6,7,0,13
1993,MLB,AL-West,CHA,KCA,KCA,6,7,0,13
1993,MLB,AL-West,CHA,MIN,CHA,10,3,0,13
1993,MLB,AL-West,CHA,OAK,CHA,7,6,0,13
1993,MLB,AL-West,CHA,SEA,CHA,9,4,0,13
1993,MLB,AL-West,CHA,TEX,CHA,8,5,0,13
1993,MLB,AL-West,KCA,MIN,KCA,7,6,0,13
1993,MLB,AL-West,KCA,OAK,OAK,6,7,0,13
1993,MLB,AL-West,KCA,SEA,KCA,7,6,0,13
1993,MLB,AL-West,KCA,TEX,KCA,7,6,0,13
1993,MLB,AL-West,MIN,OAK,MIN,8,5,0,13
1993,MLB,AL-West,MIN,SEA,SEA,4,9,0,13
1993,MLB,AL-West,MIN,TEX,MIN,7,6,0,13
1993,MLB,AL-West,OAK,SEA,OAK,9,4,0,13
1993,MLB,AL-West,OAK,TEX,TEX,5,8,0,13
1993,MLB,AL-West,SEA,TEX,SEA,8,5,0,13
1993,MLB,NL-East,CHN,FLO,FLO,6,7,0,13
1993,MLB,NL-East,CHN,MON,MON,5,8,1,14
1993,MLB,NL-East,CHN,NYN,CHN,8,5,0,13
1993,MLB,NL-East,CHN,PHI,CHN,7,6,0,13
1993,MLB,NL-East,CHN,PIT,PIT,5,8,0,13
1993,MLB,NL-East,CHN,SLN,CHN,8,5,0,13
1993,MLB,NL-East,FLO,MON,MON,5,8,0,13
1993,MLB,NL-East,FLO,NYN,NYN,4,9,0,13
1993,MLB,NL-East,FLO,PHI,PHI,4,9,0,13
1993,MLB,NL-East,FLO,PIT,PIT,6,7,0,13
1993,MLB,NL-East,FLO,SLN,SLN,4,9,0,13
1993,MLB,NL-East,MON,NYN,MON,9,4,0,13
1993,MLB,NL-East,MON,PHI,PHI,6,7,0,13
1993,MLB,NL-East,MON,PIT,MON,8,5,0,13
1993,MLB,NL-East,MON,SLN,MON,7,6,0,13
1993,MLB,NL-East,NYN,PHI,PHI,3,10,0,13
1993,MLB,NL-East,NYN,PIT,PIT,4,9,0,13
1993,MLB,NL-East,NYN,SLN,SLN,5,8,0,13
1993,MLB,NL-East,PHI,PIT,PHI,7,6,0,13
1993,MLB,NL-East,PHI,SLN,PHI,8,5,0,13
1993,MLB,NL-East,PIT,SLN,SLN,4,9,0,13
1993,MLB,NL-West,ATL,CIN,ATL,10,3,0,13
1993,MLB,NL-West,ATL,COL,ATL,13,0,0,13
1993,MLB,NL-West,ATL,HOU,ATL,8,5,0,13
1993,MLB,NL-West,ATL,LAN,ATL,8,5,0,13
1993,MLB,NL-West,ATL,SDN,ATL,9,4,0,13
1993,MLB,NL-West,ATL,SFN,ATL,7,6,0,13
1993,MLB,NL-West,CIN,COL,CIN,9,4,0,13
1993,MLB,NL-West,CIN,HOU,HOU,6,7,0,13
1993,MLB,NL-West,CIN,LAN,LAN,5,8,0,13
1993,MLB,NL-West,CIN,SDN,CIN,9,4,0,13
1993,MLB,NL-West,CIN,SFN,SFN,2,11,0,13
1993,MLB,NL-West,COL,HOU,COL,11,2,0,13
1993,MLB,NL-West,COL,LAN,COL,7,6,0,13
1993,MLB,NL-West,COL,SDN,SDN,6,7,0,13
1993,MLB,NL-West,COL,SFN,SFN,3,10,0,13
1993,MLB,NL-West,HOU,LAN,HOU,9,4,0,13
1993,MLB,NL-West,HOU,SDN,HOU,8,5,0,13
1993,MLB,NL-West,HOU,SFN,SFN,3,10,0,13
1993,MLB,NL-West,LAN,SDN,LAN,9,4,0,13
1993,MLB,NL-West,LAN,SFN,LAN,7,6,0,13
1993,MLB,NL-West,SDN,SFN,SFN,3,10,0,13
1994,MLB,AL-Central,CHA,CLE,CHA,7,5,0,12
1994,MLB,AL-Central,CHA,KCA,KCA,3,7,0,10
1994,MLB,AL-Central,CHA,MIL,CHA,9,3,0,12
1994,MLB,AL-Central,CHA,MIN,MIN,2,4,0,6
1994,MLB,AL-Central,CLE,KCA,KCA,1,4,0,5
1994,MLB,AL-Central,CLE,MIL,CLE,5,2,0,7
1994,MLB,AL-Central,CLE,MIN,CLE,9,3,0,12
1994,MLB,AL-Central,KCA,MIL,MIL,5,7,0,12
1994,MLB,AL-Central,KCA,MIN,KCA,6,4,0,10
1994,MLB,AL-Central,MIL,MIN,TIE,6,6,0,12
1994,MLB,AL-East,BAL,BOS,BAL,4,2,0,6
1994,MLB,AL-East,BAL,DET,DET,3,4,0,7
1994,MLB,AL-East,BAL,NYA,NYA,4,6,0,10
1994,MLB,AL-East,BAL,TOR,BAL,7,2,0,9
1994,MLB,AL-East,BOS,DET,BOS,4,2,0,6
1994,MLB,AL-East,BOS,NYA,NYA,3,7,0,10
1994,MLB,AL-East,BOS,TOR,BOS,7,3,0,10
1994,MLB,AL-East,DET,NYA,TIE,3,3,0,6
1994,MLB,AL-East,DET,TOR,DET,5,4,0,9
1994,MLB,AL-East,NYA,TOR,TOR,3,4,0,7
1994,MLB,AL-West,CAL,OAK,OAK,3,6,0,9
1994,MLB,AL-West,CAL,SEA,SEA,2,7,0,9
1994,MLB,AL-West,CAL,TEX,CAL,6,4,0,10
1994,MLB,AL-West,OAK,SEA,OAK,4,3,0,7
1994,MLB,AL-West,OAK,TEX,OAK,7,3,0,10
1994,MLB,AL-West,SEA,TEX,SEA,9,1,0,10
1994,MLB,NL-Central,CHN,CIN,CIN,5,7,0,12
1994,MLB,NL-Central,CHN,HOU,HOU,4,8,0,12
1994,MLB,NL-Central,CHN,PIT,TIE,5,5,0,10
1994,MLB,NL-Central,CHN,SLN,TIE,5,5,0,10
1994,MLB,NL-Central,CIN,HOU,HOU,4,6,0,10
1994,MLB,NL-Central,CIN,PIT,CIN,9,3,0,12
1994,MLB,NL-Central,CIN,SLN,TIE,2,2,1,5
1994,MLB,NL-Central,HOU,PIT,HOU,8,4,0,12
1994,MLB,NL-Central,HOU,SLN,HOU,8,4,0,12
1994,MLB,NL-Central,PIT,SLN,TIE,5,5,0,10
1994,MLB,NL-East,ATL,FLO,ATL,8,4,0,12
1994,MLB,NL-East,ATL,MON,MON,4,5,0,9
1994,MLB,NL-East,ATL,NYN,ATL,5,4,0,9
1994,MLB,NL-East,ATL,PHI,ATL,6,3,0,9
1994,MLB,NL-East,FLO,MON,MON,2,7,0,9
1994,MLB,NL-East,FLO,NYN,FLO,6,4,0,10
1994,MLB,NL-East,FLO,PHI,PHI,4,6,0,10
1994,MLB,NL-East,MON,NYN,MON,4,3,0,7
1994,MLB,NL-East,MON,PHI,MON,5,4,0,9
1994,MLB,NL-East,NYN,PHI,PHI,4,6,0,10
1994,MLB,NL-West,COL,LAN,LAN,4,6,0,10
1994,MLB,NL-West,COL,SDN,TIE,5,5,0,10
1994,MLB,NL-West,COL,SFN,SFN,3,7,0,10
1994,MLB,NL-West,LAN,SDN,LAN,6,4,0,10
1994,MLB,NL-West,LAN,SFN,TIE,5,5,0,10
1994,MLB,NL-West,SDN,SFN,SDN,5,2,0,7
1995,MLB,AL-Central,CHA,CLE,CLE,5,8,0,13
1995,MLB,AL-Central,CHA,KCA,CHA,8,5,0,13
1995,MLB,AL-Central,CHA,MIL,MIL,6,7,0,13
1995,MLB,AL-Central,CHA,MIN,CHA,10,3,0,13
1995,MLB,AL-Central,CLE,KCA,CLE,11,1,0,12
1995,MLB,AL-Central,CLE,MIL,CLE,9,4,0,13
1995,MLB,AL-Central,CLE,MIN,CLE,9,4,0,13
1995,MLB,AL-Central,KCA,MIL,KCA,10,2,0,12
1995,MLB,AL-Central,KCA,MIN,MIN,6,7,0,13
1995,MLB,AL-Central,MIL,MIN,MIL,9,4,0,13
1995,MLB,AL-East,BAL,BOS,BOS,4,9,0,13
1995,MLB,AL-East,BAL,DET,BAL,8,5,0,13
1995,MLB,AL-East,BAL,NYA,NYA,6,7,0,13
1995,MLB,AL-East,BAL,TOR,BAL,7,6,0,13
1995,MLB,AL-East,BOS,DET,BOS,8,5,0,13
1995,MLB,AL-East,BOS,NYA,NYA,5,8,0,13
1995,MLB,AL-East,BOS,TOR,BOS,8,5,0,13
1995,MLB,AL-East,DET,NYA,NYA,5,8,0,13
1995,MLB,AL-East,DET,TOR,DET,7,6,0,13
1995,MLB,AL-East,NYA,TOR,NYA,12,1,0,13
1995,MLB,AL-West,CAL,OAK,OAK,6,7,0,13
1995,MLB,AL-West,CAL,SEA,CAL,7,6,0,13
1995,MLB,AL-West,CAL,TEX,TEX,6,7,0,13
1995,MLB,AL-West,OAK,SEA,OAK,7,6,0,13
1995,MLB,AL-West,OAK,TEX,TEX,5,8,0,13
1995,MLB,AL-West,SEA,TEX,SEA,10,3,0,13
1995,MLB,NL-Central,CHN,CIN,CIN,3,7,0,10
1995,MLB,NL-Central,CHN,HOU,HOU,5,8,0,13
1995,MLB,NL-Central,CHN,PIT,CHN,8,5,0,13
1995,MLB,NL-Central,CHN,SLN,CHN,9,4,0,13
1995,MLB,NL-Central,CIN,HOU,CIN,12,1,0,13
1995,MLB,NL-Central,CIN,PIT,CIN,8,5,0,13
1995,MLB,NL-Central,CIN,SLN,CIN,8,5,0,13
1995,MLB,NL-Central,HOU,PIT,HOU,9,4,0,13
1995,MLB,NL-Central,HOU,SLN,HOU,9,4,0,13
1995,MLB,NL-Central,PIT,SLN,SLN,6,7,0,13
1995,MLB,NL-East,ATL,FLO,ATL,10,3,0,13
1995,MLB,NL-East,ATL,MON,ATL,9,4,0,13
1995,MLB,NL-East,ATL,NYN,NYN,5,8,0,13
1995,MLB,NL-East,ATL,PHI,ATL,7,6,0,13
1995,MLB,NL-East,FLO,MON,MON,6,7,0,13
1995,MLB,NL-East,FLO,NYN,FLO,7,6,0,13
1995,MLB,NL-East,FLO,PHI,PHI,6,7,0,13
1995,MLB,NL-East,MON,NYN,MON,7,6,0,13
1995,MLB,NL-East,MON,PHI,MON,8,5,0,13
1995,MLB,NL-East,NYN,PHI,NYN,7,6,0,13
1995,MLB,NL-West,COL,LAN,LAN,4,9,0,13
1995,MLB,NL-West,COL,SDN,COL,9,4,0,13
1995,MLB,NL-West,COL,SFN,COL,8,5,0,13
1995,MLB,NL-West,LAN,SDN,LAN,7,6,0,13
1995,MLB,NL-West,LAN,SFN,LAN,8,5,0,13
1995,MLB,NL-West,SDN,SFN,SFN,6,7,0,13
1996,MLB,AL-Central,CHA,CLE,CLE,5,8,0,13
1996,MLB,AL-Central,CHA,KCA,CHA,7,6,0,13
1996,MLB,AL-Central,CHA,MIL,MIL,6,7,0,13
1996,MLB,AL-Central,CHA,MIN,MIN,6,7,0,13
1996,MLB,AL-Central,CLE,KCA,CLE,7,6,0,13
1996,MLB,AL-Central,CLE,MIL,CLE,7,6,0,13
1996,MLB,AL-Central,CLE,MIN,CLE,10,3,0,13
1996,MLB,AL-Central,KCA,MIL,MIL,4,9,0,13
1996,MLB,AL-Central,KCA,MIN,MIN,6,7,0,13
1996,MLB,AL-Central,MIL,MIN,MIL,9,4,0,13
1996,MLB,AL-East,BAL,BOS,BAL,7,6,0,13
1996,MLB,AL-East,BAL,DET,BAL,11,2,0,13
1996,MLB,AL-East,BAL,NYA,NYA,3,10,0,13
1996,MLB,AL-East,BAL,TOR,BAL,8,5,0,13
1996,MLB,AL-East,BOS,DET,BOS,12,1,0,13
1996,MLB,AL-East,BOS,NYA,BOS,7,6,0,13
1996,MLB,AL-East,BOS,TOR,BOS,8,5,0,13
1996,MLB,AL-East,DET,NYA,NYA,5,8,0,13
1996,MLB,AL-East,DET,TOR,TOR,6,7,0,13
1996,MLB,AL-East,NYA,TOR,NYA,8,5,0,13
1996,MLB,AL-West,CAL,OAK,OAK,6,7,0,13
1996,MLB,AL-West,CAL,SEA,SEA,5,8,0,13
1996,MLB,AL-West,CAL,TEX,TEX,4,9,0,13
1996,MLB,AL-West,OAK,SEA,OAK,8,5,0,13
1996,MLB,AL-West,OAK,TEX,OAK,7,6,0,13
1996,MLB,AL-West,SEA,TEX,SEA,10,3,0,13
1996,MLB,NL-Central,CHN,CIN,CIN,5,8,0,13
1996,MLB,NL-Central,CHN,HOU,HOU,5,8,0,13
1996,MLB,NL-Central,CHN,PIT,PIT,4,9,0,13
1996,MLB,NL-Central,CHN,SLN,SLN,5,8,0,13
1996,MLB,NL-Central,CIN,HOU,CIN,7,6,0,13
1996,MLB,NL-Central,CIN,PIT,PIT,5,8,0,13
1996,MLB,NL-Central,CIN,SLN,SLN,5,8,0,13
1996,MLB,NL-Central,HOU,PIT,HOU,8,5,0,13
1996,MLB,NL-Central,HOU,SLN,SLN,2,11,0,13
1996,MLB,NL-Central,PIT,SLN,SLN,3,10,0,13
1996,MLB,NL-East,ATL,FLO,FLO,6,7,0,13
1996,MLB,NL-East,ATL,MON,ATL,10,3,0,13
1996,MLB,NL-East,ATL,NYN,ATL,7,6,0,13
1996,MLB,NL-East,ATL,PHI,ATL,9,4,0,13
1996,MLB,NL-East,FLO,MON,MON,5,8,0,13
1996,MLB,NL-East,FLO,NYN,FLO,7,6,0,13
1996,MLB,NL-East,FLO,PHI,PHI,6,7,0,13
1996,MLB,NL-East,MON,NYN,MON,7,6,0,13
1996,MLB,NL-East,MON,PHI,PHI,6,7,0,13
1996,MLB,NL-East,NYN,PHI,NYN,7,6,0,13
1996,MLB,NL-West,COL,LAN,LAN,6,7,0,13
1996,MLB,NL-West,COL,SDN,COL,8,5,0,13
1996,MLB,NL-West,COL,SFN,SFN,5,8,0,13
1996,MLB,NL-West,LAN,SDN,SDN,5,8,0,13
1996,MLB,NL-West,LAN,SFN,LAN,7,6,0,13
1996,MLB,NL-West,SDN,SFN,SDN,11,2,0,13
1997,MLB,AL-Central,CHA,CLE,CLE,5,7,0,12
1997,MLB,AL-Central,CHA,KCA,CHA,11,1,0,12
1997,MLB,AL-Central,CHA,MIL,MIL,4,7,0,11
1997,MLB,AL-Central,CHA,MIN,TIE,6,6,0,12
1997,MLB,AL-Central,CLE,KCA,CLE,8,3,0,11
1997,MLB,AL-Central,CLE,MIL,CLE,8,4,0,12
1997,MLB,AL-Central,CLE,MIN,CLE,8,4,0,12
1997,MLB,AL-Central,KCA,MIL,TIE,6,6,0,12
1997,MLB,AL-Central,KCA,MIN,KCA,7,5,0,12
1997,MLB,AL-Central,MIL,MIN,MIN,5,7,0,12
1997,MLB,AL-East,BAL,BOS,BOS,5,7,0,12
1997,MLB,AL-East,BAL,DET,TIE,6,6,0,12
1997,MLB,AL-East,BAL,NYA,BAL,8,4,0,12
1997,MLB,AL-East,BAL,TOR,TIE,6,6,0,12
1997,MLB,AL-East,BOS,DET,DET,5,7,0,12
1997,MLB,AL-East,BOS,NYA,NYA,4,8,0,12
1997,MLB,AL-East,BOS,TOR,TIE,6,6,0,12
1997,MLB,AL-East,DET,NYA,NYA,2,10,0,12
1997,MLB,AL-East,DET,TOR,TIE,6,6,0,12
1997,MLB,AL-East,NYA,TOR,NYA,7,5,0,12
1997,MLB,AL-West,ANA,OAK,ANA,11,1,0,12
1997,MLB,AL-West,ANA,SEA,TIE,6,6,0,12
1997,MLB,AL-West,ANA,TEX,ANA,8,4,0,12
1997,MLB,AL-West,OAK,SEA,SEA,5,7,0,12
1997,MLB,AL-West,OAK,TEX,TEX,5,7,0,12
1997,MLB,AL-West,SEA,TEX,SEA,8,4,0,12
1997,MLB,NL-Central,CHN,CIN,CHN,7,5,0,12
1997,MLB,NL-Central,CHN,HOU,HOU,3,9,0,12
1997,MLB,NL-Central,CHN,PIT,CHN,7,5,0,12
1997,MLB,NL-Central,CHN,SLN,SLN,4,8,0,12
1997,MLB,NL-Central,CIN,HOU,HOU,5,7,0,12
1997,MLB,NL-Central,CIN,PIT,CIN,8,4,0,12
1997,MLB,NL-Central,CIN,SLN,TIE,6,6,0,12
1997,MLB,NL-Central,HOU,PIT,TIE,6,6,0,12
1997,MLB,NL-Central,HOU,SLN,HOU,9,3,0,12
1997,MLB,NL-Central,PIT,SLN,PIT,9,3,0,12
1997,MLB,NL-East,ATL,FLO,FLO,4,8,0,12
1997,MLB,NL-East,ATL,MON,ATL,10,2,0,12
1997,MLB,NL-East,ATL,NYN,NYN,5,7,0,12
1997,MLB,NL-East,ATL,PHI,ATL,10,2,0,12
1997,MLB,NL-East,FLO,MON,FLO,7,5,0,12
1997,MLB,NL-East,FLO,NYN,NYN,4,8,0,12
1997,MLB,NL-East,FLO,PHI,TIE,6,6,0,12
1997,MLB,NL-East,MON,NYN,NYN,5,7,0,12
1997,MLB,NL-East,MON,PHI,TIE,6,6,0,12
1997,MLB,NL-East,NYN,PHI,NYN,7,5,0,12
1997,MLB,NL-West,COL,LAN,LAN,5,7,0,12
1997,MLB,NL-West,COL,SDN,SDN,4,8,0,12
1997,MLB,NL-West,COL,SFN,SFN,4,8,0,12
1997,MLB,NL-West,LAN,SDN,SDN,5,7,0,12
1997,MLB,NL-West,LAN,SFN,TIE,6,6,0,12
1997,MLB,NL-West,SDN,SFN,SFN,4,8,0,12
1998,MLB,AL-Central,CHA,CLE,TIE,6,6,0,12
1998,MLB,AL-Central,CHA,DET,TIE,6,6,0,12
1998,MLB,AL-Central,CHA,KCA,CHA,8,4,0,12
1998,MLB,AL-Central,CHA,MIN,TIE,6,6,0,12
1998,MLB,AL-Central,CLE,DET,CLE,9,3,0,12
1998,MLB,AL-Central,CLE,KCA,CLE,8,4,0,12
1998,MLB,AL-Central,CLE,MIN,TIE,6,6,0,12
1998,MLB,AL-Central,DET,KCA,TIE,6,6,0,12
1998,MLB,AL-Central,DET,MIN,DET,8,4,0,12
1998,MLB,AL-Central,KCA,MIN,KCA,7,5,0,12
1998,MLB,AL-East,BAL,BOS,TIE,6,6,0,12
1998,MLB,AL-East,BAL,NYA,NYA,3,9,0,12
1998,MLB,AL-East,BAL,TBA,TBA,5,7,0,12
1998,MLB,AL-East,BAL,TOR,TOR,5,7,0,12
1998,MLB,AL-East,BOS,NYA,NYA,5,7,0,12
1998,MLB,AL-East,BOS,TBA,BOS,9,3,0,12
1998,MLB,AL-East,BOS,TOR,TOR,5,7,0,12
1998,MLB,AL-East,NYA,TBA,NYA,11,1,0,12
1998,MLB,AL-East,NYA,TOR,TIE,6,6,0,12
1998,MLB,AL-East,TBA,TOR,TOR,5,7,0,12
1998,MLB,AL-West,ANA,OAK,OAK,5,7,0,12
1998,MLB,AL-West,ANA,SEA,ANA,9,3,0,12
1998,MLB,AL-West,ANA,TEX,TEX,5,7,0,12
1998,MLB,AL-West,OAK,SEA,SEA,5,7,0,12
1998,MLB,AL-West,OAK,TEX,TIE,6,6,0,12
1998,MLB,AL-West,SEA,TEX,TEX,5,7,0,12
1998,MLB,NL-Central,CHN,CIN,CHN,6,5,0,11
1998,MLB,NL-Central,CHN,HOU,HOU,4,7,0,11
1998,MLB,NL-Central,CHN,MIL,TIE,6,6,0,12
1998,MLB,NL-Central,CHN,PIT,CHN,8,3,0,11
1998,MLB,NL-Central,CHN,SLN,SLN,4,7,0,11
1998,MLB,NL-Central,CIN,HOU,HOU,3,8,0,11
1998,MLB,NL-Central,CIN,MIL,CIN,6,5,0,11
1998,MLB,NL-Central,CIN,PIT,PIT,5,7,0,12
1998,MLB,NL-Central,CIN,SLN,CIN,8,3,0,11
1998,MLB,NL-Central,HOU,MIL,HOU,9,2,0,11
1998,MLB,NL-Central,HOU,PIT,HOU,9,2,0,11
1998,MLB,NL-Central,HOU,SLN,SLN,5,7,0,12
1998,MLB,NL-Central,MIL,PIT,MIL,6,5,0,11
1998,MLB,NL-Central,MIL,SLN,SLN,3,8,0,11
1998,MLB,NL-Central,PIT,SLN,PIT,6,5,1,12
1998,MLB,NL-East,ATL,FLO,ATL,7,5,0,12
1998,MLB,NL-East,ATL,MON,TIE,6,6,0,12
1998,MLB,NL-East,ATL,NYN,ATL,9,3,0,12
1998,MLB,NL-East,ATL,PHI,ATL,8,4,0,12
1998,MLB,NL-East,FLO,MON,MON,5,7,0,12
1998,MLB,NL-East,FLO,NYN,NYN,5,7,0,12
1998,MLB,NL-East,FLO,PHI,TIE,6,6,0,12
1998,MLB,NL-East,MON,NYN,MON,8,4,0,12
1998,MLB,NL-East,MON,PHI,PHI,5,7,0,12
1998,MLB,NL-East,NYN,PHI,NYN,8,4,0,12
1998,MLB,NL-West,ARI,COL,TIE,6,6,0,12
1998,MLB,NL-West,ARI,LAN,LAN,4,8,0,12
1998,MLB,NL-West,ARI,SDN,SDN,3,9,0,12
1998,MLB,NL-West,ARI,SFN,SFN,5,7,0,12
1998,MLB,NL-West,COL,LAN,TIE,6,6,0,12
1998,MLB,NL-West,COL,SDN,SDN,5,7,0,12
1998,MLB,NL-West,COL,SFN,COL,7,5,0,12
1998,MLB,NL-West,LAN,SDN,SDN,5,7,0,12
1998,MLB,NL-West,LAN,SFN,TIE,6,6,0,12
1998,MLB,NL-West,SDN,SFN,SDN,8,4,0,12
1999,MLB,AL-Central,CHA,CLE,CLE,3,9,0,12
1999,MLB,AL-Central,CHA,DET,CHA,7,5,0,12
1999,MLB,AL-Central,CHA,KCA,TIE,6,6,0,12
1999,MLB,AL-Central,CHA,MIN,CHA,8,3,1,12
1999,MLB,AL-Central,CLE,DET,CLE,8,5,0,13
1999,MLB,AL-Central,CLE,KCA,CLE,7,5,0,12
1999,MLB,AL-Central,CLE,MIN,CLE,9,3,0,12
1999,MLB,AL-Central,DET,KCA,DET,7,4,0,11
1999,MLB,AL-Central,DET,MIN,TIE,6,6,0,12
1999,MLB,AL-Central,KCA,MIN,MIN,5,8,0,13
1999,MLB,AL-East,BAL,BOS,BOS,5,7,0,12
1999,MLB,AL-East,BAL,NYA,NYA,4,9,0,13
1999,MLB,AL-East,BAL,TBA,TBA,5,7,0,12
1999,MLB,AL-East,BAL,TOR,TOR,1,11,0,12
1999,MLB,AL-East,BOS,NYA,BOS,8,4,0,12
1999,MLB,AL-East,BOS,TBA,TBA,4,9,0,13
1999,MLB,AL-East,BOS,TOR,BOS,9,3,0,12
1999,MLB,AL-East,NYA,TBA,NYA,8,4,0,12
1999,MLB,AL-East,NYA,TOR,NYA,10,2,0,12
1999,MLB,AL-East,TBA,TOR,TOR,5,8,0,13
1999,MLB,AL-West,ANA,OAK,ANA,8,4,0,12
1999,MLB,AL-West,ANA,SEA,TIE,6,6,0,12
1999,MLB,AL-West,ANA,TEX,TIE,6,6,0,12
1999,MLB,AL-West,OAK,SEA,TIE,6,6,0,12
1999,MLB,AL-West,OAK,TEX,TEX,5,7,0,12
1999,MLB,AL-West,SEA,TEX,TEX,5,8,0,13
1999,MLB,NL-Central,CHN,CIN,CIN,5,8,0,13
1999,MLB,NL-Central,CHN,HOU,HOU,3,9,0,12
1999,MLB,NL-Central,CHN,MIL,TIE,6,6,0,12
1999,MLB,NL-Central,CHN,PIT,CHN,7,6,0,13
1999,MLB,NL-Central,CHN,SLN,CHN,7,5,0,12
1999,MLB,NL-Central,CIN,HOU,CIN,9,4,0,13
1999,MLB,NL-Central,CIN,MIL,TIE,6,6,0,12
1999,MLB,NL-Central,CIN,PIT,CIN,7,6,0,13
1999,MLB,NL-Central,CIN,SLN,CIN,8,4,0,12
1999,MLB,NL-Central,HOU,MIL,HOU,8,5,0,13
1999,MLB,NL-Central,HOU,PIT,PIT,5,7,0,12
1999,MLB,NL-Central,HOU,SLN,SLN,5,7,0,12
1999,MLB,NL-Central,MIL,PIT,MIL,8,4,0,12
1999,MLB,NL-Central,MIL,SLN,MIL,7,6,0,13
1999,MLB,NL-Central,PIT,SLN,PIT,7,5,0,12
1999,MLB,NL-East,ATL,FLO,ATL,9,4,0,13
1999,MLB,NL-East,ATL,MON,ATL,9,4,0,13
1999,MLB,NL-East,ATL,NYN,ATL,9,3,0,12
1999,MLB,NL-East,ATL,PHI,ATL,8,5,0,13
1999,MLB,NL-East,FLO,MON,FLO,8,4,0,12
1999,MLB,NL-East,FLO,NYN,NYN,3,10,0,13
1999,MLB,NL-East,FLO,PHI,PHI,2,11,0,13
1999,MLB,NL-East,MON,NYN,NYN,5,8,0,13
1999,MLB,NL-East,MON,PHI,TIE,6,6,0,12
1999,MLB,NL-East,NYN,PHI,TIE,6,6,0,12
1999,MLB,NL-West,ARI,COL,COL,6,7,0,13
1999,MLB,NL-West,ARI,LAN,ARI,7,6,0,13
1999,MLB,NL-West,ARI,SDN,ARI,11,2,0,13
1999,MLB,NL-West,ARI,SFN,ARI,9,3,0,12
1999,MLB,NL-West,COL,LAN,COL,8,5,0,13
1999,MLB,NL-West,COL,SDN,SDN,4,9,0,13
1999,MLB,NL-West,COL,SFN,SFN,4,9,0,13
1999,MLB,NL-West,LAN,SDN,SDN,3,9,0,12
1999,MLB,NL-West,LAN,SFN,LAN,8,5,0,13
1999,MLB,NL-West,SDN,SFN,SFN,5,7,0,12
2000,MLB,AL-Central,CHA,CLE,CHA,8,5,0,13
2000,MLB,AL-Central,CHA,DET,CHA,9,3,0,12
2000,MLB,AL-Central,CHA,KCA,KCA,5,7,0,12
2000,MLB,AL-Central,CHA,MIN,CHA,7,5,0,12
2000,MLB,AL-Central,CLE,DET,DET,6,7,0,13
2000,MLB,AL-Central,CLE,KCA,KCA,5,7,0,12
2000,MLB,AL-Central,CLE,MIN,MIN,5,8,0,13
2000,MLB,AL-Central,DET,KCA,KCA,5,7,0,12
2000,MLB,AL-Central,DET,MIN,DET,7,6,0,13
2000,MLB,AL-Central,KCA,MIN,KCA,7,5,0,12
2000,MLB,AL-East,BAL,BOS,BOS,5,7,0,12
2000,MLB,AL-East,BAL,NYA,NYA,5,7,0,12
2000,MLB,AL-East,BAL,TBA,BAL,8,5,0,13
2000,MLB,AL-East,BAL,TOR,BAL,7,6,0,13
2000,MLB,AL-East,BOS,NYA,NYA,6,7,0,13
2000,MLB,AL-East,BOS,TBA,TIE,6,6,0,12
2000,MLB,AL-East,BOS,TOR,TOR,4,8,0,12
2000,MLB,AL-East,NYA,TBA,TIE,6,6,0,12
2000,MLB,AL-East,NYA,TOR,TOR,5,7,0,12
2000,MLB,AL-East,TBA,TOR,TOR,5,7,0,12
2000,MLB,AL-West,ANA,OAK,OAK,5,8,0,13
2000,MLB,AL-West,ANA,SEA,SEA,5,8,0,13
2000,MLB,AL-West,ANA,TEX,ANA,7,5,0,12
2000,MLB,AL-West,OAK,SEA,OAK,9,4,0,13
2000,MLB,AL-West,OAK,TEX,TEX,5,7,0,12
2000,MLB,AL-West,SEA,TEX,SEA,7,5,0,12
2000,MLB,NL-Central,CHN,CIN,CIN,4,8,0,12
2000,MLB,NL-Central,CHN,HOU,HOU,5,7,0,12
2000,MLB,NL-Central,CHN,MIL,MIL,6,7,0,13
2000,MLB,NL-Central,CHN,PIT,PIT,3,9,0,12
2000,MLB,NL-Central,CHN,SLN,SLN,3,10,0,13
2000,MLB,NL-Central,CIN,HOU,CIN,7,5,0,12
2000,MLB,NL-Central,CIN,MIL,MIL,5,8,1,14
2000,MLB,NL-Central,CIN,PIT,CIN,7,6,0,13
2000,MLB,NL-Central,CIN,SLN,CIN,7,6,0,13
2000,MLB,NL-Central,HOU,MIL,HOU,7,6,0,13
2000,MLB,NL-Central,HOU,PIT,HOU,10,3,0,13
2000,MLB,NL-Central,HOU,SLN,TIE,6,6,0,12
2000,MLB,NL-Central,MIL,PIT,MIL,7,5,0,12
2000,MLB,NL-Central,MIL,SLN,SLN,5,7,0,12
2000,MLB,NL-Central,PIT,SLN,SLN,4,8,0,12
2000,MLB,NL-East,ATL,FLO,TIE,6,6,0,12
2000,MLB,NL-East,ATL,MON,MON,6,7,0,13
2000,MLB,NL-East,ATL,NYN,ATL,7,6,0,13
2000,MLB,NL-East,ATL,PHI,ATL,8,5,0,13
2000,MLB,NL-East,FLO,MON,FLO,7,6,0,13
2000,MLB,NL-East,FLO,NYN,TIE,6,6,0,12
2000,MLB,NL-East,FLO,PHI,FLO,9,4,0,13
2000,MLB,NL-East,MON,NYN,NYN,3,9,0,12
2000,MLB,NL-East,MON,PHI,PHI,5,7,0,12
2000,MLB,NL-East,NYN,PHI,PHI,6,7,0,13
2000,MLB,NL-West,ARI,COL,ARI,7,6,0,13
2000,MLB,NL-West,ARI,LAN,ARI,7,6,0,13
2000,MLB,NL-West,ARI,SDN,ARI,9,4,0,13
2000,MLB,NL-West,ARI,SFN,SFN,6,7,0,13
2000,MLB,NL-West,COL,LAN,LAN,4,9,0,13
2000,MLB,NL-West,COL,SDN,COL,7,6,0,13
2000,MLB,NL-West,COL,SFN,SFN,6,7,0,13
2000,MLB,NL-West,LAN,SDN,LAN,8,5,0,13
2000,MLB,NL-West,LAN,SFN,LAN,7,5,0,12
2000,MLB,NL-West,SDN,SFN,SFN,5,7,0,12
2001,MLB,AL-Central,CHA,CLE,CHA,10,9,0,19
2001,MLB,AL-Central,CHA,DET,CHA,13,6,0,19
2001,MLB,AL-Central,CHA,KCA,CHA,14,5,0,19
2001,MLB,AL-Central,CHA,MIN,MIN,5,14,0,19
2001,MLB,AL-Central,CLE,DET,CLE,13,6,0,19
2001,MLB,AL-Central,CLE,KCA,CLE,11,8,0,19
2001,MLB,AL-Central,CLE,MIN,CLE,14,5,0,19
2001,MLB,AL-Central,DET,KCA,KCA,8,11,0,19
2001,MLB,AL-Central,DET,MIN,MIN,4,15,0,19
2001,MLB,AL-Central,KCA,MIN,MIN,6,13,0,19
2001,MLB,AL-East,BAL,BOS,BOS,9,10,0,19
2001,MLB,AL-East,BAL,NYA,NYA,5,13,1,19
2001,MLB,AL-East,BAL,TBA,BAL,10,9,0,19
2001,MLB,AL-East,BAL,TOR,TOR,7,12,0,19
2001,MLB,AL-East,BOS,NYA,NYA,5,13,0,18
2001,MLB,AL-East,BOS,TBA,BOS,14,5,0,19
2001,MLB,AL-East,BOS,TOR,BOS,12,7,0,19
2001,MLB,AL-East,NYA,TBA,NYA,13,6,0,19
2001,MLB,AL-East,NYA,TOR,NYA,11,8,0,19
2001,MLB,AL-East,TBA,TOR,TOR,9,10,0,19
2001,MLB,AL-West,ANA,OAK,OAK,6,14,0,20
2001,MLB,AL-West,ANA,SEA,SEA,4,15,0,19
2001,MLB,AL-West,ANA,TEX,TEX,7,12,0,19
2001,MLB,AL-West,OAK,SEA,SEA,9,10,0,19
2001,MLB,AL-West,OAK,TEX,TEX,9,10,0,19
2001,MLB,AL-West,SEA,TEX,SEA,15,5,0,20
2001,MLB,NL-Central,CHN,CIN,CHN,13,4,0,17
2001,MLB,NL-Central,CHN,HOU,HOU,8,9,0,17
2001,MLB,NL-Central,CHN,MIL,MIL,8,9,0,17
2001,MLB,NL-Central,CHN,PIT,CHN,10,6,0,16
2001,MLB,NL-Central,CHN,SLN,CHN,9,8,0,17
2001,MLB,NL-Central,CIN,HOU,HOU,6,11,0,17
2001,MLB,NL-Central,CIN,MIL,MIL,6,10,0,16
2001,MLB,NL-Central,CIN,PIT,CIN,9,8,0,17
2001,MLB,NL-Central,CIN,SLN,SLN,7,10,0,17
2001,MLB,NL-Central,HOU,MIL,HOU,12,5,0,17
2001,MLB,NL-Central,HOU,PIT,HOU,9,8,0,17
2001,MLB,NL-Central,HOU,SLN,HOU,9,7,0,16
2001,MLB,NL-Central,MIL,PIT,PIT,6,11,0,17
2001,MLB,NL-Central,MIL,SLN,SLN,7,10,0,17
2001,MLB,NL-Central,PIT,SLN,SLN,3,14,0,17
2001,MLB,NL-East,ATL,FLO,FLO,9,10,0,19
2001,MLB,NL-East,ATL,MON,ATL,13,6,0,19
2001,MLB,NL-East,ATL,NYN,ATL,10,9,0,19
2001,MLB,NL-East,ATL,PHI,ATL,10,9,0,19
2001,MLB,NL-East,FLO,MON,FLO,12,7,0,19
2001,MLB,NL-East,FLO,NYN,NYN,7,12,0,19
2001,MLB,NL-East,FLO,PHI,PHI,5,14,0,19
2001,MLB,NL-East,MON,NYN,NYN,8,11,0,19
2001,MLB,NL-East,MON,PHI,PHI,9,10,0,19
2001,MLB,NL-East,NYN,PHI,NYN,11,8,0,19
2001,MLB,NL-West,ARI,COL,ARI,13,6,0,19
2001,MLB,NL-West,ARI,LAN,ARI,10,9,0,19
2001,MLB,NL-West,ARI,SDN,ARI,12,7,0,19
2001,MLB,NL-West,ARI,SFN,ARI,10,9,0,19
2001,MLB,NL-West,COL,LAN,LAN,8,11,0,19
2001,MLB,NL-West,COL,SDN,SDN,9,10,0,19
2001,MLB,NL-West,COL,SFN,SFN,9,10,0,19
2001,MLB,NL-West,LAN,SDN,SDN,9,10,0,19
2001,MLB,NL-West,LAN,SFN,LAN,11,8,0,19
2001,MLB,NL-West,SDN,SFN,SFN,5,14,0,19
2002,MLB,AL-Central,CHA,CLE,CLE,9,10,0,19
2002,MLB,AL-Central,CHA,DET,CHA,12,7,0,19
2002,MLB,AL-Central,CHA,KCA,CHA,11,8,0,19
2002,MLB,AL-Central,CHA,MIN,MIN,8,11,0,19
2002,MLB,AL-Central,CLE,DET,CLE,10,9,0,19
2002,MLB,AL-Central,CLE,KCA,KCA,9,10,0,19
2002,MLB,AL-Central,CLE,MIN,MIN,8,11,0,19
2002,MLB,AL-Central,DET,KCA,KCA,9,10,0,19
2002,MLB,AL-Central,DET,MIN,MIN,4,14,0,18
2002,MLB,AL-Central,KCA,MIN,MIN,5,14,0,19
2002,MLB,AL-East,BAL,BOS,BOS,6,13,0,19
2002,MLB,AL-East,BAL,NYA,NYA,6,13,0,19
2002,MLB,AL-East,BAL,TBA,BAL,10,9,0,19
2002,MLB,AL-East,BAL,TOR,TOR,4,15,0,19
2002,MLB,AL-East,BOS,NYA,NYA,9,10,0,19
2002,MLB,AL-East,BOS,TBA,BOS,16,3,0,19
2002,MLB,AL-East,BOS,TOR,BOS,13,6,0,19
2002,MLB,AL-East,NYA,TBA,NYA,13,5,0,18
2002,MLB,AL-East,NYA,TOR,NYA,10,9,0,19
2002,MLB,AL-East,TBA,TOR,TOR,8,11,0,19
2002,MLB,AL-West,ANA,OAK,OAK,9,11,0,20
2002,MLB,AL-West,ANA,SEA,SEA,9,10,0,19
2002,MLB,AL-West,ANA,TEX,ANA,12,7,0,19
2002,MLB,AL-West,OAK,SEA,SEA,8,11,0,19
2002,MLB,AL-West,OAK,TEX,OAK,13,6,0,19
2002,MLB,AL-West,SEA,TEX,SEA,13,7,0,20
2002,MLB,NL-Central,CHN,CIN,CIN,5,12,0,17
2002,MLB,NL-Central,CHN,HOU,HOU,8,11,0,19
2002,MLB,NL-Central,CHN,MIL,MIL,7,10,0,17
2002,MLB,NL-Central,CHN,PIT,CHN,10,9,0,19
2002,MLB,NL-Central,CHN,SLN,SLN,6,12,0,18
2002,MLB,NL-Central,CIN,HOU,HOU,6,11,0,17
2002,MLB,NL-Central,CIN,MIL,CIN,13,6,0,19
2002,MLB,NL-Central,CIN,PIT,CIN,11,7,0,18
2002,MLB,NL-Central,CIN,SLN,SLN,8,11,0,19
2002,MLB,NL-Central,HOU,MIL,HOU,10,8,0,18
2002,MLB,NL-Central,HOU,PIT,HOU,11,6,0,17
2002,MLB,NL-Central,HOU,SLN,SLN,6,13,0,19
2002,MLB,NL-Central,MIL,PIT,PIT,4,15,0,19
2002,MLB,NL-Central,MIL,SLN,SLN,7,10,0,17
2002,MLB,NL-Central,PIT,SLN,SLN,6,11,0,17
2002,MLB,NL-East,ATL,FLO,ATL,11,8,0,19
2002,MLB,NL-East,ATL,MON,ATL,13,6,0,19
2002,MLB,NL-East,ATL,NYN,ATL,12,7,0,19
2002,MLB,NL-East,ATL,PHI,ATL,11,7,0,18
2002,MLB,NL-East,FLO,MON,FLO,10,9,0,19
2002,MLB,NL-East,FLO,NYN,NYN,8,11,0,19
2002,MLB,NL-East,FLO,PHI,FLO,10,9,0,19
2002,MLB,NL-East,MON,NYN,MON,11,8,0,19
2002,MLB,NL-East,MON,PHI,MON,11,8,0,19
2002,MLB,NL-East,NYN,PHI,PHI,9,10,0,19
2002,MLB,NL-West,ARI,COL,ARI,14,5,0,19
2002,MLB,NL-West,ARI,LAN,LAN,9,10,0,19
2002,MLB,NL-West,ARI,SDN,ARI,12,7,0,19
2002,MLB,NL-West,ARI,SFN,SFN,8,11,0,19
2002,MLB,NL-West,COL,LAN,LAN,7,12,0,19
2002,MLB,NL-West,COL,SDN,COL,11,8,0,19
2002,MLB,NL-West,COL,SFN,SFN,8,11,0,19
2002,MLB,NL-West,LAN,SDN,LAN,10,9,0,19
2002,MLB,NL-West,LAN,SFN,SFN,8,11,0,19
2002,MLB,NL-West,SDN,SFN,SFN,5,14,0,19
2003,MLB,AL-Central,CHA,CLE,CHA,11,8,0,19
2003,MLB,AL-Central,CHA,DET,CHA,11,8,0,19
2003,MLB,AL-Central,CHA,KCA,CHA,11,8,0,19
2003,MLB,AL-Central,CHA,MIN,MIN,9,10,0,19
2003,MLB,AL-Central,CLE,DET,CLE,12,7,0,19
2003,MLB,AL-Central,CLE,KCA,KCA,6,13,0,19
2003,MLB,AL-Central,CLE,MIN,MIN,9,10,0,19
2003,MLB,AL-Central,DET,KCA,KCA,5,14,0,19
2003,MLB,AL-Central,DET,MIN,MIN,4,15,0,19
2003,MLB,AL-Central,KCA,MIN,KCA,11,8,0,19
2003,MLB,AL-East,BAL,BOS,BOS,9,10,0,19
2003,MLB,AL-East,BAL,NYA,NYA,6,13,1,20
2003,MLB,AL-East,BAL,TBA,TBA,8,11,0,19
2003,MLB,AL-East,BAL,TOR,TOR,8,11,0,19
2003,MLB,AL-East,BOS,NYA,NYA,9,10,0,19
2003,MLB,AL-East,BOS,TBA,BOS,12,7,0,19
2003,MLB,AL-East,BOS,TOR,BOS,10,9,0,19
2003,MLB,AL-East,NYA,TBA,NYA,14,5,0,19
2003,MLB,AL-East,NYA,TOR,NYA,10,9,0,19
2003,MLB,AL-East,TBA,TOR,TBA,11,8,0,19
2003,MLB,AL-West,ANA,OAK,OAK,8,12,0,20
2003,MLB,AL-West,ANA,SEA,SEA,8,11,0,19
2003,MLB,AL-West,ANA,TEX,TEX,9,10,0,19
2003,MLB,AL-West,OAK,SEA,SEA,7,12,0,19
2003,MLB,AL-West,OAK,TEX,OAK,15,4,0,19
2003,MLB,AL-West,SEA,TEX,TIE,10,10,0,20
2003,MLB,NL-Central,CHN,CIN,CHN,10,7,0,17
2003,MLB,NL-Central,CHN,HOU,CHN,9,7,0,16
2003,MLB,NL-Central,CHN,MIL,CHN,10,6,0,16
2003,MLB,NL-Central,CHN,PIT,CHN,10,8,0,18
2003,MLB,NL-Central,CHN,SLN,SLN,8,9,0,17
2003,MLB,NL-Central,CIN,HOU,HOU,5,12,0,17
2003,MLB,NL-Central,CIN,MIL,MIL,8,10,0,18
2003,MLB,NL-Central,CIN,PIT,PIT,5,11,0,16
2003,MLB,NL-Central,CIN,SLN,CIN,9,7,0,16
2003,MLB,NL-Central,HOU,MIL,HOU,9,8,0,17
2003,MLB,NL-Central,HOU,PIT,HOU,10,6,0,16
2003,MLB,NL-Central,HOU,SLN,HOU,11,7,0,18
2003,MLB,NL-Central,MIL,PIT,MIL,10,7,0,17
2003,MLB,NL-Central,MIL,SLN,SLN,3,13,0,16
2003,MLB,NL-Central,PIT,SLN,SLN,7,10,0,17
2003,MLB,NL-East,ATL,FLO,FLO,9,10,0,19
2003,MLB,NL-East,ATL,MON,ATL,12,7,0,19
2003,MLB,NL-East,ATL,NYN,ATL,11,8,0,19
2003,MLB,NL-East,ATL,PHI,PHI,9,10,0,19
2003,MLB,NL-East,FLO,MON,FLO,13,6,0,19
2003,MLB,NL-East,FLO,NYN,FLO,12,7,0,19
2003,MLB,NL-East,FLO,PHI,FLO,13,6,0,19
2003,MLB,NL-East,MON,NYN,MON,14,5,0,19
2003,MLB,NL-East,MON,PHI,PHI,8,11,0,19
2003,MLB,NL-East,NYN,PHI,PHI,7,12,0,19
2003,MLB,NL-West,ARI,COL,ARI,10,9,0,19
2003,MLB,NL-West,ARI,LAN,ARI,10,9,0,19
2003,MLB,NL-West,ARI,SDN,SDN,9,10,0,19
2003,MLB,NL-West,ARI,SFN,SFN,5,14,0,19
2003,MLB,NL-West,COL,LAN,LAN,7,12,0,19
2003,MLB,NL-West,COL,SDN,COL,12,7,0,19
2003,MLB,NL-West,COL,SFN,SFN,7,12,0,19
2003,MLB,NL-West,LAN,SDN,SDN,8,11,0,19
2003,MLB,NL-West,LAN,SFN,SFN,6,13,0,19
2003,MLB,NL-West,SDN,SFN,SFN,5,14,0,19
2004,MLB,AL-Central,CHA,CLE,CHA,10,9,0,19
2004,MLB,AL-Central,CHA,DET,DET,8,11,0,19
2004,MLB,AL-Central,CHA,KCA,CHA,13,6,0,19
2004,MLB,AL-Central,CHA,MIN,MIN,9,10,0,19
2004,MLB,AL-Central,CLE,DET,DET,9,10,0,19
2004,MLB,AL-Central,CLE,KCA,CLE,11,8,0,19
2004,MLB,AL-Central,CLE,MIN,MIN,7,12,0,19
2004,MLB,AL-Central,DET,KCA,KCA,8,11,0,19
2004,MLB,AL-Central,DET,MIN,MIN,7,12,0,19
2004,MLB,AL-Central,KCA,MIN,MIN,7,12,0,19
2004,MLB,AL-East,BAL,BOS,BAL,10,9,0,19
2004,MLB,AL-East,BAL,NYA,NYA,5,14,0,19
2004,MLB,AL-East,BAL,TBA,BAL,11,8,0,19
2004,MLB,AL-East,BAL,TOR,BAL,11,8,0,19
2004,MLB,AL-East,BOS,NYA,BOS,11,8,0,19
2004,MLB,AL-East,BOS,TBA,BOS,14,5,0,19
2004,MLB,AL-East,BOS,TOR,BOS,14,5,0,19
2004,MLB,AL-East,NYA,TBA,NYA,15,4,0,19
2004,MLB,AL-East,NYA,TOR,NYA,12,7,0,19
2004,MLB,AL-East,TBA,TOR,TIE,9,9,0,18
2004,MLB,AL-West,ANA,OAK,ANA,10,9,0,19
2004,MLB,AL-West,ANA,SEA,ANA,13,7,0,20
2004,MLB,AL-West,ANA,TEX,TEX,9,10,0,19
2004,MLB,AL-West,OAK,SEA,OAK,11,8,0,19
2004,MLB,AL-West,OAK,TEX,OAK,11,9,0,20
2004,MLB,AL-West,SEA,TEX,TEX,7,12,0,19
2004,MLB,NL-Central,CHN,CIN,CHN,9,8,0,17
2004,MLB,NL-Central,CHN,HOU,CHN,10,9,0,19
2004,MLB,NL-Central,CHN,MIL,CHN,10,7,0,17
2004,MLB,NL-Central,CHN,PIT,CHN,13,5,0,18
2004,MLB,NL-Central,CHN,SLN,SLN,8,11,0,19
2004,MLB,NL-Central,CIN,HOU,HOU,6,11,0,17
2004,MLB,NL-Central,CIN,MIL,CIN,10,8,0,18
2004,MLB,NL-Central,CIN,PIT,PIT,9,10,0,19
2004,MLB,NL-Central,CIN,SLN,SLN,5,14,0,19
2004,MLB,NL-Central,HOU,MIL,HOU,13,6,0,19
2004,MLB,NL-Central,HOU,PIT,HOU,12,5,0,17
2004,MLB,NL-Central,HOU,SLN,HOU,10,8,0,18
2004,MLB,NL-Central,MIL,PIT,PIT,6,12,0,18
2004,MLB,NL-Central,MIL,SLN,SLN,8,9,0,17
2004,MLB,NL-Central,PIT,SLN,SLN,5,12,0,17
2004,MLB,NL-East,ATL,FLO,ATL,14,5,0,19
2004,MLB,NL-East,ATL,MON,ATL,15,4,0,19
2004,MLB,NL-East,ATL,NYN,ATL,12,7,0,19
2004,MLB,NL-East,ATL,PHI,ATL,10,9,0,19
2004,MLB,NL-East,FLO,MON,FLO,11,8,0,19
2004,MLB,NL-East,FLO,NYN,FLO,15,4,0,19
2004,MLB,NL-East,FLO,PHI,FLO,12,7,0,19
2004,MLB,NL-East,MON,NYN,NYN,9,10,0,19
2004,MLB,NL-East,MON,PHI,PHI,7,12,0,19
2004,MLB,NL-East,NYN,PHI,PHI,8,11,0,19
2004,MLB,NL-West,ARI,COL,COL,6,13,0,19
2004,MLB,NL-West,ARI,LAN,LAN,3,16,0,19
2004,MLB,NL-West,ARI,SDN,SDN,7,12,0,19
2004,MLB,NL-West,ARI,SFN,SFN,5,14,0,19
2004,MLB,NL-West,COL,LAN,LAN,8,11,0,19
2004,MLB,NL-West,COL,SDN,COL,10,9,0,19
2004,MLB,NL-West,COL,SFN,SFN,8,11,0,19
2004,MLB,NL-West,LAN,SDN,LAN,10,9,0,19
2004,MLB,NL-West,LAN,SFN,LAN,10,9,0,19
2004,MLB,NL-West,SDN,SFN,SDN,12,7,0,19
2005,MLB,AL-Central,CHA,CLE,CHA,14,5,0,19
2005,MLB,AL-Central,CHA,DET,CHA,14,5,0,19
2005,MLB,AL-Central,CHA,KCA,CHA,13,5,0,18
2005,MLB,AL-Central,CHA,MIN,CHA,11,7,0,18
2005,MLB,AL-Central,CLE,DET,CLE,12,6,0,18
2005,MLB,AL-Central,CLE,KCA,CLE,13,6,0,19
2005,MLB,AL-Central,CLE,MIN,CLE,10,9,0,19
2005,MLB,AL-Central,DET,KCA,DET,10,9,0,19
2005,MLB,AL-Central,DET,MIN,MIN,8,11,0,19
2005,MLB,AL-Central,KCA,MIN,MIN,6,13,0,19
2005,MLB,AL-East,BAL,BOS,BOS,8,10,0,18
2005,MLB,AL-East,BAL,NYA,NYA,7,11,0,18
2005,MLB,AL-East,BAL,TBA,BAL,12,6,0,18
2005,MLB,AL-East,BAL,TOR,TOR,9,10,0,19
2005,MLB,AL-East,BOS,NYA,NYA,9,10,0,19
2005,MLB,AL-East,BOS,TBA,BOS,13,6,0,19
2005,MLB,AL-East,BOS,TOR,TOR,7,11,0,18
2005,MLB,AL-East,NYA,TBA,TBA,8,11,0,19
2005,MLB,AL-East,NYA,TOR,NYA,12,6,0,18
2005,MLB,AL-East,TBA,TOR,TOR,8,11,0,19
2005,MLB,AL-West,ANA,OAK,ANA,10,9,0,19
2005,MLB,AL-West,ANA,SEA,TIE,9,9,0,18
2005,MLB,AL-West,ANA,TEX,ANA,15,4,0,19
2005,MLB,AL-West,OAK,SEA,OAK,12,6,0,18
2005,MLB,AL-West,OAK,TEX,OAK,11,8,0,19
2005,MLB,AL-West,SEA,TEX,TEX,6,13,0,19
2005,MLB,NL-Central,CHN,CIN,CIN,6,9,0,15
2005,MLB,NL-Central,CHN,HOU,CHN,9,7,0,16
2005,MLB,NL-Central,CHN,MIL,MIL,7,9,0,16
2005,MLB,NL-Central,CHN,PIT,CHN,11,5,0,16
2005,MLB,NL-Central,CHN,SLN,CHN,10,6,0,16
2005,MLB,NL-Central,CIN,HOU,HOU,4,12,1,17
2005,MLB,NL-Central,CIN,MIL,MIL,6,10,0,16
2005,MLB,NL-Central,CIN,PIT,CIN,9,7,0,16
2005,MLB,NL-Central,CIN,SLN,SLN,5,11,0,16
2005,MLB,NL-Central,HOU,MIL,HOU,10,5,0,15
2005,MLB,NL-Central,HOU,PIT,HOU,9,7,0,16
2005,MLB,NL-Central,HOU,SLN,SLN,5,11,0,16
2005,MLB,NL-Central,MIL,PIT,MIL,9,7,0,16
2005,MLB,NL-Central,MIL,SLN,SLN,5,11,0,16
2005,MLB,NL-Central,PIT,SLN,SLN,4,12,0,16
2005,MLB,NL-East,ATL,FLO,ATL,10,8,0,18
2005,MLB,NL-East,ATL,NYN,ATL,13,6,0,19
2005,MLB,NL-East,ATL,PHI,PHI,9,10,0,19
2005,MLB,NL-East,ATL,WAS,ATL,10,9,0,19
2005,MLB,NL-East,FLO,NYN,NYN,8,10,0,18
2005,MLB,NL-East,FLO,PHI,PHI,9,10,0,19
2005,MLB,NL-East,FLO,WAS,TIE,9,9,0,18
2005,MLB,NL-East,NYN,PHI,NYN,11,7,0,18
2005,MLB,NL-East,NYN,WAS,NYN,11,8,0,19
2005,MLB,NL-East,PHI,WAS,PHI,11,8,0,19
2005,MLB,NL-West,ARI,COL,ARI,11,7,0,18
2005,MLB,NL-West,ARI,LAN,ARI,13,5,0,18
2005,MLB,NL-West,ARI,SDN,ARI,10,9,0,19
2005,MLB,NL-West,ARI,SFN,SFN,7,11,0,18
2005,MLB,NL-West,COL,LAN,COL,11,8,0,19
2005,MLB,NL-West,COL,SDN,SDN,7,11,0,18
2005,MLB,NL-West,COL,SFN,SFN,7,11,0,18
2005,MLB,NL-West,LAN,SDN,LAN,11,7,0,18
2005,MLB,NL-West,LAN,SFN,SFN,9,10,0,19
2005,MLB,NL-West,SDN,SFN,SDN,12,6,0,18
2006,MLB,AL-Central,CHA,CLE,CLE,8,11,0,19
2006,MLB,AL-Central,CHA,DET,CHA,12,7,0,19
2006,MLB,AL-Central,CHA,KCA,CHA,11,8,0,19
2006,MLB,AL-Central,CHA,MIN,MIN,9,10,0,19
2006,MLB,AL-Central,CLE,DET,DET,6,13,0,19
2006,MLB,AL-Central,CLE,KCA,CLE,10,8,0,18
2006,MLB,AL-Central,CLE,MIN,MIN,8,11,0,19
2006,MLB,AL-Central,DET,KCA,DET,14,4,0,18
2006,MLB,AL-Central,DET,MIN,DET,11,8,0,19
2006,MLB,AL-Central,KCA,MIN,MIN,7,12,0,19
2006,MLB,AL-East,BAL,BOS,BOS,3,15,0,18
2006,MLB,AL-East,BAL,NYA,NYA,7,12,0,19
2006,MLB,AL-East,BAL,TBA,BAL,13,6,0,19
2006,MLB,AL-East,BAL,TOR,TOR,8,11,0,19
2006,MLB,AL-East,BOS,NYA,NYA,8,11,0,19
2006,MLB,AL-East,BOS,TBA,BOS,10,9,0,19
2006,MLB,AL-East,BOS,TOR,TOR,7,12,0,19
2006,MLB,AL-East,NYA,TBA,NYA,13,5,0,18
2006,MLB,AL-East,NYA,TOR,NYA,10,8,0,18
2006,MLB,AL-East,TBA,TOR,TOR,6,12,0,18
2006,MLB,AL-West,ANA,OAK,ANA,11,8,0,19
2006,MLB,AL-West,ANA,SEA,ANA,10,9,0,19
2006,MLB,AL-West,ANA,TEX,ANA,11,8,0,19
2006,MLB,AL-West,OAK,SEA,OAK,17,2,0,19
2006,MLB,AL-West,OAK,TEX,TEX,9,10,0,19
2006,MLB,AL-West,SEA,TEX,TEX,8,11,0,19
2006,MLB,NL-Central,CHN,CIN,CHN,10,9,0,19
2006,MLB,NL-Central,CHN,HOU,HOU,7,8,0,15
2006,MLB,NL-Central,CHN,MIL,TIE,8,8,0,16
2006,MLB,NL-Central,CHN,PIT,PIT,6,9,0,15
2006,MLB,NL-Central,CHN,SLN,CHN,11,8,0,19
2006,MLB,NL-Central,CIN,HOU,CIN,10,5,0,15
2006,MLB,NL-Central,CIN,MIL,MIL,9,10,0,19
2006,MLB,NL-Central,CIN,PIT,CIN,9,7,0,16
2006,MLB,NL-Central,CIN,SLN,CIN,9,6,0,15
2006,MLB,NL-Central,HOU,MIL,HOU,10,5,0,15
2006,MLB,NL-Central,HOU,PIT,HOU,13,3,0,16
2006,MLB,NL-Central,HOU,SLN,HOU,9,7,0,16
2006,MLB,NL-Central,MIL,PIT,PIT,7,9,0,16
2006,MLB,NL-Central,MIL,SLN,SLN,7,9,0,16
2006,MLB,NL-Central,PIT,SLN,SLN,6,9,0,15
2006,MLB,NL-East,ATL,FLO,ATL,11,8,0,19
2006,MLB,NL-East,ATL,NYN,NYN,7,11,0,18
2006,MLB,NL-East,ATL,PHI,PHI,7,11,0,18
2006,MLB,NL-East,ATL,WAS,ATL,10,8,0,18
2006,MLB,NL-East,FLO,NYN,NYN,8,11,0,19
2006,MLB,NL-East,FLO,PHI,PHI,6,13,0,19
2006,MLB,NL-East,FLO,WAS,FLO,11,7,0,18
2006,MLB,NL-East,NYN,PHI,NYN,11,8,0,19
2006,MLB,NL-East,NYN,WAS,NYN,12,6,0,18
2006,MLB,NL-East,PHI,WAS,WAS,9,10,0,19
2006,MLB,NL-West,ARI,COL,ARI,12,7,0,19
2006,MLB,NL-West,ARI,LAN,LAN,8,10,0,18
2006,MLB,NL-West,ARI,SDN,SDN,9,10,0,19
2006,MLB,NL-West,ARI,SFN,SFN,8,11,0,19
2006,MLB,NL-West,COL,LAN,LAN,4,15,0,19
2006,MLB,NL-West,COL,SDN,COL,10,9,0,19
2006,MLB,NL-West,COL,SFN,COL,10,8,0,18
2006,MLB,NL-West,LAN,SDN,SDN,5,13,0,18
2006,MLB,NL-West,LAN,SFN,LAN,13,6,0,19
2006,MLB,NL-West,SDN,SFN,SFN,7,12,0,19
2007,MLB,AL-Central,CHA,CLE,CLE,7,11,0,18
2007,MLB,AL-Central,CHA,DET,CHA,11,7,0,18
2007,MLB,AL-Central,CHA,KCA,CHA,12,6,0,18
2007,MLB,AL-Central,CHA,MIN,TIE,9,9,0,18
2007,MLB,AL-Central,CLE,DET,CLE,12,6,0,18
2007,MLB,AL-Central,CLE,KCA,CLE,11,7,0,18
2007,MLB,AL-Central,CLE,MIN,CLE,14,4,0,18
2007,MLB,AL-Central,DET,KCA,DET,11,7,0,18
2007,MLB,AL-Central,DET,MIN,DET,12,6,0,18
2007,MLB,AL-Central,KCA,MIN,TIE,9,9,0,18
2007,MLB,AL-East,BAL,BOS,BOS,6,12,0,18
2007,MLB,AL-East,BAL,NYA,TIE,9,9,0,18
2007,MLB,AL-East,BAL,TBA,BAL,11,7,0,18
2007,MLB,AL-East,BAL,TOR,TOR,8,10,0,18
2007,MLB,AL-East,BOS,NYA,NYA,8,10,0,18
2007,MLB,AL-East,BOS,TBA,BOS,13,5,0,18
2007,MLB,AL-East,BOS,TOR,TIE,9,9,0,18
2007,MLB,AL-East,NYA,TBA,NYA,10,8,0,18
2007,MLB,AL-East,NYA,TOR,NYA,10,8,0,18
2007,MLB,AL-East,TBA,TOR,TIE,9,9,0,18
2007,MLB,AL-West,ANA,OAK,OAK,9,10,0,19
2007,MLB,AL-West,ANA,SEA,ANA,13,6,0,19
2007,MLB,AL-West,ANA,TEX,ANA,10,9,0,19
2007,MLB,AL-West,OAK,SEA,SEA,5,14,0,19
2007,MLB,AL-West,OAK,TEX,TEX,9,10,0,19
2007,MLB,AL-West,SEA,TEX,SEA,11,8,0,19
2007,MLB,NL-Central,CHN,CIN,TIE,9,9,0,18
2007,MLB,NL-Central,CHN,HOU,CHN,8,7,0,15
2007,MLB,NL-Central,CHN,MIL,CHN,9,6,0,15
2007,MLB,NL-Central,CHN,PIT,CHN,8,7,0,15
2007,MLB,NL-Central,CHN,SLN,CHN,11,5,0,16
2007,MLB,NL-Central,CIN,HOU,HOU,4,11,0,15
2007,MLB,NL-Central,CIN,MIL,CIN,8,7,0,15
2007,MLB,NL-Central,CIN,PIT,CIN,9,7,0,16
2007,MLB,NL-Central,CIN,SLN,SLN,6,9,0,15
2007,MLB,NL-Central,HOU,MIL,MIL,5,13,0,18
2007,MLB,NL-Central,HOU,PIT,PIT,5,10,0,15
2007,MLB,NL-Central,HOU,SLN,SLN,7,9,0,16
2007,MLB,NL-Central,MIL,PIT,MIL,10,6,0,16
2007,MLB,NL-Central,MIL,SLN,SLN,7,8,0,15
2007,MLB,NL-Central,PIT,SLN,SLN,6,12,0,18
2007,MLB,NL-East,ATL,FLO,ATL,10,8,0,18
2007,MLB,NL-East,ATL,NYN,TIE,9,9,0,18
2007,MLB,NL-East,ATL,PHI,TIE,9,9,0,18
2007,MLB,NL-East,ATL,WAS,ATL,11,7,0,18
2007,MLB,NL-East,FLO,NYN,NYN,7,11,0,18
2007,MLB,NL-East,FLO,PHI,TIE,9,9,0,18
2007,MLB,NL-East,FLO,WAS,WAS,8,10,0,18
2007,MLB,NL-East,NYN,PHI,PHI,6,12,0,18
2007,MLB,NL-East,NYN,WAS,TIE,9,9,0,18
2007,MLB,NL-East,PHI,WAS,PHI,12,6,0,18
2007,MLB,NL-West,ARI,COL,COL,8,10,0,18
2007,MLB,NL-West,ARI,LAN,LAN,8,10,0,18
2007,MLB,NL-West,ARI,SDN,ARI,10,8,0,18
2007,MLB,NL-West,ARI,SFN,ARI,10,8,0,18
2007,MLB,NL-West,COL,LAN,COL,12,6,0,18
2007,MLB,NL-West,COL,SDN,COL,11,8,0,19
2007,MLB,NL-West,COL,SFN,COL,10,8,0,18
2007,MLB,NL-West,LAN,SDN,SDN,8,10,0,18
2007,MLB,NL-West,LAN,SFN,LAN,10,8,0,18
2007,MLB,NL-West,SDN,SFN,SDN,14,4,0,18
2008,MLB,AL-Central,CHA,CLE,CHA,11,7,0,18
2008,MLB,AL-Central,CHA,DET,CHA,12,6,0,18
2008,MLB,AL-Central,CHA,KCA,CHA,12,6,0,18
2008,MLB,AL-Central,CHA,MIN,MIN,9,10,0,19
2008,MLB,AL-Central,CLE,DET,CLE,11,7,0,18
2008,MLB,AL-Central,CLE,KCA,CLE,10,8,0,18
2008,MLB,AL-Central,CLE,MIN,MIN,8,10,0,18
2008,MLB,AL-Central,DET,KCA,KCA,7,11,0,18
2008,MLB,AL-Central,DET,MIN,MIN,7,11,0,18
2008,MLB,AL-Central,KCA,MIN,MIN,6,12,0,18
2008,MLB,AL-East,BAL,BOS,BOS,6,12,0,18
2008,MLB,AL-East,BAL,NYA,NYA,7,11,0,18
2008,MLB,AL-East,BAL,TBA,TBA,3,15,0,18
2008,MLB,AL-East,BAL,TOR,TOR,6,12,0,18
2008,MLB,AL-East,BOS,NYA,TIE,9,9,0,18
2008,MLB,AL-East,BOS,TBA,TBA,8,10,0,18
2008,MLB,AL-East,BOS,TOR,TIE,9,9,0,18
2008,MLB,AL-East,NYA,TBA,NYA,11,7,0,18
2008,MLB,AL-East,NYA,TOR,TIE,9,9,0,18
2008,MLB,AL-East,TBA,TOR,TBA,11,7,0,18
2008,MLB,AL-West,ANA,OAK,ANA,10,9,0,19
2008,MLB,AL-West,ANA,SEA,ANA,14,5,0,19
2008,MLB,AL-West,ANA,TEX,ANA,12,7,0,19
2008,MLB,AL-West,OAK,SEA,OAK,10,9,0,19
2008,MLB,AL-West,OAK,TEX,TEX,7,12,0,19
2008,MLB,AL-West,SEA,TEX,TEX,8,11,0,19
2008,MLB,NL-Central,CHN,CIN,CHN,8,7,0,15
2008,MLB,NL-Central,CHN,HOU,HOU,8,9,0,17
2008,MLB,NL-Central,CHN,MIL,CHN,9,7,0,16
2008,MLB,NL-Central,CHN,PIT,CHN,14,4,0,18
2008,MLB,NL-Central,CHN,SLN,CHN,9,6,0,15
2008,MLB,NL-Central,CIN,HOU,HOU,3,12,0,15
2008,MLB,NL-Central,CIN,MIL,CIN,10,8,0,18
2008,MLB,NL-Central,CIN,PIT,PIT,6,9,0,15
2008,MLB,NL-Central,CIN,SLN,SLN,5,10,0,15
2008,MLB,NL-Central,HOU,MIL,MIL,7,8,0,15
2008,MLB,NL-Central,HOU,PIT,TIE,8,8,0,16
2008,MLB,NL-Central,HOU,SLN,SLN,7,8,0,15
2008,MLB,NL-Central,MIL,PIT,MIL,14,1,0,15
2008,MLB,NL-Central,MIL,SLN,MIL,10,5,0,15
2008,MLB,NL-Central,PIT,SLN,PIT,10,7,0,17
2008,MLB,NL-East,ATL,FLO,ATL,10,8,0,18
2008,MLB,NL-East,ATL,NYN,ATL,11,7,0,18
2008,MLB,NL-East,ATL,PHI,PHI,4,14,0,18
2008,MLB,NL-East,ATL,WAS,WAS,6,12,0,18
2008,MLB,NL-East,FLO,NYN,NYN,8,10,0,18
2008,MLB,NL-East,FLO,PHI,FLO,10,8,0,18
2008,MLB,NL-East,FLO,WAS,FLO,14,3,0,17
2008,MLB,NL-East,NYN,PHI,NYN,11,7,0,18
2008,MLB,NL-East,NYN,WAS,NYN,12,6,0,18
2008,MLB,NL-East,PHI,WAS,PHI,12,6,0,18
2008,MLB,NL-West,ARI,COL,ARI,15,3,0,18
2008,MLB,NL-West,ARI,LAN,LAN,8,10,0,18
2008,MLB,NL-West,ARI,SDN,ARI,10,8,0,18
2008,MLB,NL-West,ARI,SFN,ARI,11,7,0,18
2008,MLB,NL-West,COL,LAN,LAN,8,10,0,18
2008,MLB,NL-West,COL,SDN,TIE,9,9,0,18
2008,MLB,NL-West,COL,SFN,COL,11,7,0,18
2008,MLB,NL-West,LAN,SDN,LAN,11,7,0,18
2008,MLB,NL-West,LAN,SFN,TIE,9,9,0,18
2008,MLB,NL-West,SDN,SFN,SFN,5,13,0,18
2009,MLB,AL-Central,CHA,CLE,CHA,10,8,0,18
2009,MLB,AL-Central,CHA,DET,TIE,9,9,0,18
2009,MLB,AL-Central,CHA,KCA,TIE,9,9,0,18
2009,MLB,AL-Central,CHA,MIN,MIN,6,12,0,18
2009,MLB,AL-Central,CLE,DET,DET,4,14,0,18
2009,MLB,AL-Central,CLE,KCA,CLE,10,8,0,18
2009,MLB,AL-Central,CLE,MIN,MIN,8,10,0,18
2009,MLB,AL-Central,DET,KCA,TIE,9,9,0,18
2009,MLB,AL-Central,DET,MIN,MIN,7,12,0,19
2009,MLB,AL-Central,KCA,MIN,MIN,6,12,0,18
2009,MLB,AL-East,BAL,BOS,BOS,2,16,0,18
2009,MLB,AL-East,BAL,NYA,NYA,5,13,0,18
2009,MLB,AL-East,BAL,TBA,TBA,8,10,0,18
2009,MLB,AL-East,BAL,TOR,TIE,9,9,0,18
2009,MLB,AL-East,BOS,NYA,TIE,9,9,0,18
2009,MLB,AL-East,BOS,TBA,TIE,9,9,0,18
2009,MLB,AL-East,BOS,TOR,BOS,11,7,0,18
2009,MLB,AL-East,NYA,TBA,NYA,11,7,0,18
2009,MLB,AL-East,NYA,TOR,NYA,12,6,0,18
2009,MLB,AL-East,TBA,TOR,TBA,14,4,0,18
2009,MLB,AL-West,ANA,OAK,ANA,12,7,0,19
2009,MLB,AL-West,ANA,SEA,ANA,10,9,0,19
2009,MLB,AL-West,ANA,TEX,TEX,8,11,0,19
2009,MLB,AL-West,OAK,SEA,SEA,5,14,0,19
2009,MLB,AL-West,OAK,TEX,OAK,11,8,0,19
2009,MLB,AL-West,SEA,TEX,TEX,8,11,0,19
2009,MLB,NL-Central,CHN,CIN,CHN,10,5,0,15
2009,MLB,NL-Central,CHN,HOU,CHN,11,6,0,17
2009,MLB,NL-Central,CHN,MIL,CHN,10,7,0,17
2009,MLB,NL-Central,CHN,PIT,CHN,10,4,0,14
2009,MLB,NL-Central,CHN,SLN,SLN,6,10,0,16
2009,MLB,NL-Central,CIN,HOU,CIN,12,4,0,16
2009,MLB,NL-Central,CIN,MIL,CIN,8,7,0,15
2009,MLB,NL-Central,CIN,PIT,CIN,13,5,0,18
2009,MLB,NL-Central,CIN,SLN,TIE,8,8,0,16
2009,MLB,NL-Central,HOU,MIL,MIL,5,10,0,15
2009,MLB,NL-Central,HOU,PIT,HOU,10,5,0,15
2009,MLB,NL-Central,HOU,SLN,SLN,6,9,0,15
2009,MLB,NL-Central,MIL,PIT,MIL,9,5,0,14
2009,MLB,NL-Central,MIL,SLN,TIE,9,9,0,18
2009,MLB,NL-Central,PIT,SLN,SLN,5,10,0,15
2009,MLB,NL-East,ATL,FLO,FLO,8,10,0,18
2009,MLB,NL-East,ATL,NYN,ATL,13,5,0,18
2009,MLB,NL-East,ATL,PHI,ATL,10,8,0,18
2009,MLB,NL-East,ATL,WAS,ATL,10,8,0,18
2009,MLB,NL-East,FLO,NYN,FLO,11,7,0,18
2009,MLB,NL-East,FLO,PHI,TIE,9,9,0,18
2009,MLB,NL-East,FLO,WAS,FLO,12,6,0,18
2009,MLB,NL-East,NYN,PHI,PHI,6,12,0,18
2009,MLB,NL-East,NYN,WAS,NYN,10,8,0,18
2009,MLB,NL-East,PHI,WAS,PHI,15,3,0,18
2009,MLB,NL-West,ARI,COL,COL,7,11,0,18
2009,MLB,NL-West,ARI,LAN,LAN,7,11,0,18
2009,MLB,NL-West,ARI,SDN,ARI,11,7,0,18
2009,MLB,NL-West,ARI,SFN,SFN,5,13,0,18
2009,MLB,NL-West,COL,LAN,LAN,4,14,0,18
2009,MLB,NL-West,COL,SDN,COL,10,8,0,18
2009,MLB,NL-West,COL,SFN,SFN,8,10,0,18
2009,MLB,NL-West,LAN,SDN,LAN,10,8,0,18
2009,MLB,NL-West,LAN,SFN,LAN,11,7,0,18
2009,MLB,NL-West,SDN,SFN,SDN,10,8,0,18
2010,MLB,AL-Central,CHA,CLE,TIE,9,9,0,18
2010,MLB,AL-Central,CHA,DET,DET,8,10,0,18
2010,MLB,AL-Central,CHA,KCA,CHA,10,8,0,18
2010,MLB,AL-Central,CHA,MIN,MIN,5,13,0,18
2010,MLB,AL-Central,CLE,DET,TIE,9,9,0,18
2010,MLB,AL-Central,CLE,KCA,CLE,10,8,0,18
2010,MLB,AL-Central,CLE,MIN,MIN,6,12,0,18
2010,MLB,AL-Central,DET,KCA,DET,10,8,0,18
2010,MLB,AL-Central,DET,MIN,TIE,9,9,0,18
2010,MLB,AL-Central,KCA,MIN,MIN,5,13,0,18
2010,MLB,AL-East,BAL,BOS,TIE,9,9,0,18
2010,MLB,AL-East,BAL,NYA,NYA,5,13,0,18
2010,MLB,AL-East,BAL,TBA,TBA,7,11,0,18
2010,MLB,AL-East,BAL,TOR,TOR,3,15,0,18
2010,MLB,AL-East,BOS,NYA,TIE,9,9,0,18
2010,MLB,AL-East,BOS,TBA,TBA,7,11,0,18
2010,MLB,AL-East,BOS,TOR,BOS,12,6,0,18
2010,MLB,AL-East,NYA,TBA,TBA,8,10,0,18
2010,MLB,AL-East,NYA,TOR,TOR,8,10,0,18
2010,MLB,AL-East,TBA,TOR,TBA,10,8,0,18
2010,MLB,AL-West,ANA,OAK,ANA,11,8,0,19
2010,MLB,AL-West,ANA,SEA,ANA,15,4,0,19
2010,MLB,AL-West,ANA,TEX,TEX,9,10,0,19
2010,MLB,AL-West,OAK,SEA,OAK,13,6,0,19
2010,MLB,AL-West,OAK,TEX,TEX,9,10,0,19
2010,MLB,AL-West,SEA,TEX,TEX,7,12,0,19
2010,MLB,NL-Central,CHN,CIN,CIN,4,12,0,16
2010,MLB,NL-Central,CHN,HOU,HOU,7,11,0,18
2010,MLB,NL-Central,CHN,MIL,CHN,9,6,0,15
2010,MLB,NL-Central,CHN,PIT,PIT,5,10,0,15
2010,MLB,NL-Central,CHN,SLN,CHN,9,6,0,15
2010,MLB,NL-Central,CIN,HOU,CIN,10,5,0,15
2010,MLB,NL-Central,CIN,MIL,CIN,11,3,0,14
2010,MLB,NL-Central,CIN,PIT,CIN,10,6,0,16
2010,MLB,NL-Central,CIN,SLN,SLN,6,12,0,18
2010,MLB,NL-Central,HOU,MIL,HOU,8,7,0,15
2010,MLB,NL-Central,HOU,PIT,HOU,11,4,0,15
2010,MLB,NL-Central,HOU,SLN,HOU,10,5,0,15
2010,MLB,NL-Central,MIL,PIT,MIL,13,5,0,18
2010,MLB,NL-Central,MIL,SLN,MIL,8,7,0,15
2010,MLB,NL-Central,PIT,SLN,SLN,6,9,0,15
2010,MLB,NL-East,ATL,FLO,ATL,11,7,0,18
2010,MLB,NL-East,ATL,NYN,ATL,11,7,0,18
2010,MLB,NL-East,ATL,PHI,PHI,8,10,0,18
2010,MLB,NL-East,ATL,WAS,WAS,8,10,0,18
2010,MLB,NL-East,FLO,NYN,FLO,12,6,0,18
2010,MLB,NL-East,FLO,PHI,PHI,5,13,0,18
2010,MLB,NL-East,FLO,WAS,FLO,13,5,0,18
2010,MLB,NL-East,NYN,PHI,TIE,9,9,0,18
2010,MLB,NL-East,NYN,WAS,TIE,9,9,0,18
2010,MLB,NL-East,PHI,WAS,PHI,12,6,0,18
2010,MLB,NL-West,ARI,COL,TIE,9,9,0,18
2010,MLB,NL-West,ARI,LAN,LAN,5,13,0,18
2010,MLB,NL-West,ARI,SDN,SDN,8,10,0,18
2010,MLB,NL-West,ARI,SFN,SFN,5,13,0,18
2010,MLB,NL-West,COL,LAN,LAN,7,11,0,18
2010,MLB,NL-West,COL,SDN,COL,12,6,0,18
2010,MLB,NL-West,COL,SFN,TIE,9,9,0,18
2010,MLB,NL-West,LAN,SDN,SDN,8,10,0,18
2010,MLB,NL-West,LAN,SFN,SFN,8,10,0,18
2010,MLB,NL-West,SDN,SFN,SDN,12,6,0,18
2011,MLB,AL-Central,CHA,CLE,CHA,11,7,0,18
2011,MLB,AL-Central,CHA,DET,DET,5,13,0,18
2011,MLB,AL-Central,CHA,KCA,KCA,7,11,0,18
2011,MLB,AL-Central,CHA,MIN,TIE,9,9,0,18
2011,MLB,AL-Central,CLE,DET,DET,6,12,0,18
2011,MLB,AL-Central,CLE,KCA,CLE,12,6,0,18
2011,MLB,AL-Central,CLE,MIN,CLE,11,7,0,18
2011,MLB,AL-Central,DET,KCA,DET,11,7,0,18
2011,MLB,AL-Central,DET,MIN,DET,14,4,0,18
2011,MLB,AL-Central,KCA,MIN,MIN,8,10,0,18
2011,MLB,AL-East,BAL,BOS,BOS,8,10,0,18
2011,MLB,AL-East,BAL,NYA,NYA,5,13,0,18
2011,MLB,AL-East,BAL,TBA,TIE,9,9,0,18
2011,MLB,AL-East,BAL,TOR,TOR,6,12,0,18
2011,MLB,AL-East,BOS,NYA,BOS,12,6,0,18
2011,MLB,AL-East,BOS,TBA,TBA,6,12,0,18
2011,MLB,AL-East,BOS,TOR,BOS,10,8,0,18
2011,MLB,AL-East,NYA,TBA,TIE,9,9,0,18
2011,MLB,AL-East,NYA,TOR,NYA,11,7,0,18
2011,MLB,AL-East,TBA,TOR,TBA,12,6,0,18
2011,MLB,AL-West,ANA,OAK,OAK,8,11,0,19
2011,MLB,AL-West,ANA,SEA,ANA,12,7,0,19
2011,MLB,AL-West,ANA,TEX,TEX,7,12,0,19
2011,MLB,AL-West,OAK,SEA,SEA,9,10,0,19
2011,MLB,AL-West,OAK,TEX,TEX,6,13,0,19
2011,MLB,AL-West,SEA,TEX,TEX,4,15,0,19
2011,MLB,NL-Central,CHN,CIN,CIN,7,11,0,18
2011,MLB,NL-Central,CHN,HOU,CHN,8,7,0,15
2011,MLB,NL-Central,CHN,MIL,MIL,6,10,0,16
2011,MLB,NL-Central,CHN,PIT,TIE,8,8,0,16
2011,MLB,NL-Central,CHN,SLN,SLN,5,10,0,15
2011,MLB,NL-Central,CIN,HOU,CIN,9,6,0,15
2011,MLB,NL-Central,CIN,MIL,TIE,8,8,0,16
2011,MLB,NL-Central,CIN,PIT,PIT,5,10,0,15
2011,MLB,NL-Central,CIN,SLN,CIN,9,6,0,15
2011,MLB,NL-Central,HOU,MIL,MIL,3,12,0,15
2011,MLB,NL-Central,HOU,PIT,PIT,7,11,0,18
2011,MLB,NL-Central,HOU,SLN,SLN,5,10,0,15
2011,MLB,NL-Central,MIL,PIT,MIL,12,3,0,15
2011,MLB,NL-Central,MIL,SLN,TIE,9,9,0,18
2011,MLB,NL-Central,PIT,SLN,SLN,7,9,0,16
2011,MLB,NL-East,ATL,FLO,ATL,12,6,0,18
2011,MLB,NL-East,ATL,NYN,TIE,9,9,0,18
2011,MLB,NL-East,ATL,PHI,PHI,6,12,0,18
2011,MLB,NL-East,ATL,WAS,TIE,9,9,0,18
2011,MLB,NL-East,FLO,NYN,TIE,9,9,0,18
2011,MLB,NL-East,FLO,PHI,PHI,6,12,0,18
2011,MLB,NL-East,FLO,WAS,FLO,11,7,0,18
2011,MLB,NL-East,NYN,PHI,PHI,7,11,0,18
2011,MLB,NL-East,NYN,WAS,WAS,8,10,0,18
2011,MLB,NL-East,PHI,WAS,WAS,8,10,0,18
2011,MLB,NL-West,ARI,COL,ARI,13,5,0,18
2011,MLB,NL-West,ARI,LAN,ARI,10,8,0,18
2011,MLB,NL-West,ARI,SDN,ARI,11,7,0,18
2011,MLB,NL-West,ARI,SFN,TIE,9,9,0,18
2011,MLB,NL-West,COL,LAN,TIE,9,9,0,18
2011,MLB,NL-West,COL,SDN,TIE,9,9,0,18
2011,MLB,NL-West,COL,SFN,SFN,5,13,0,18
2011,MLB,NL-West,LAN,SDN,LAN,13,5,0,18
2011,MLB,NL-West,LAN,SFN,TIE,9,9,0,18
2011,MLB,NL-West,SDN,SFN,SFN,6,12,0,18
2012,MLB,AL-Central,CHA,CLE,CHA,11,7,0,18
2012,MLB,AL-Central,CHA,DET,DET,6,12,0,18
2012,MLB,AL-Central,CHA,KCA,KCA,6,12,0,18
2012,MLB,AL-Central,CHA,MIN,CHA,14,4,0,18
2012,MLB,AL-Central,CLE,DET,CLE,10,8,0,18
2012,MLB,AL-Central,CLE,KCA,KCA,8,10,0,18
2012,MLB,AL-Central,CLE,MIN,MIN,6,12,0,18
2012,MLB,AL-Central,DET,KCA,DET,13,5,0,18
2012,MLB,AL-Central,DET,MIN,DET,10,8,0,18
2012,MLB,AL-Central,KCA,MIN,MIN,7,11,0,18
2012,MLB,AL-East,BAL,BOS,BAL,13,5,0,18
2012,MLB,AL-East,BAL,NYA,TIE,9,9,0,18
2012,MLB,AL-East,BAL,TBA,BAL,10,8,0,18
2012,MLB,AL-East,BAL,TOR,BAL,11,7,0,18
2012,MLB,AL-East,BOS,NYA,NYA,5,13,0,18
2012,MLB,AL-East,BOS,TBA,TIE,9,9,0,18
2012,MLB,AL-East,BOS,TOR,TOR,7,11,0,18
2012,MLB,AL-East,NYA,TBA,TBA,8,10,0,18
2012,MLB,AL-East,NYA,TOR,NYA,11,7,0,18
2012,MLB,AL-East,TBA,TOR,TBA,14,4,0,18
2012,MLB,AL-West,ANA,OAK,OAK,9,10,0,19
2012,MLB,AL-West,ANA,SEA,ANA,11,8,0,19
2012,MLB,AL-West,ANA,TEX,ANA,10,9,0,19
2012,MLB,AL-West,OAK,SEA,OAK,12,7,0,19
2012,MLB,AL-West,OAK,TEX,OAK,11,8,0,19
2012,MLB,AL-West,SEA,TEX,TEX,9,10,0,19
2012,MLB,NL-Central,CHN,CIN,CIN,4,12,0,16
2012,MLB,NL-Central,CHN,HOU,CHN,8,7,0,15
2012,MLB,NL-Central,CHN,MIL,MIL,4,13,0,17
2012,MLB,NL-Central,CHN,PIT,TIE,8,8,0,16
2012,MLB,NL-Central,CHN,SLN,SLN,7,10,0,17
2012,MLB,NL-Central,CIN,HOU,CIN,10,5,0,15
2012,MLB,NL-Central,CIN,MIL,CIN,9,6,0,15
2012,MLB,NL-Central,CIN,PIT,CIN,11,7,0,18
2012,MLB,NL-Central,CIN,SLN,SLN,7,8,0,15
2012,MLB,NL-Central,HOU,MIL,MIL,8,9,0,17
2012,MLB,NL-Central,HOU,PIT,PIT,5,12,0,17
2012,MLB,NL-Central,HOU,SLN,SLN,4,11,0,15
2012,MLB,NL-Central,MIL,PIT,MIL,11,4,0,15
2012,MLB,NL-Central,MIL,SLN,SLN,6,9,0,15
2012,MLB,NL-Central,PIT,SLN,PIT,8,7,0,15
2012,MLB,NL-East,ATL,MIA,ATL,14,4,0,18
2012,MLB,NL-East,ATL,NYN,ATL,12,6,0,18
2012,MLB,NL-East,ATL,PHI,ATL,12,6,0,18
2012,MLB,NL-East,ATL,WAS,WAS,8,10,0,18
2012,MLB,NL-East,MIA,NYN,NYN,6,12,0,18
2012,MLB,NL-East,MIA,PHI,PHI,8,10,0,18
2012,MLB,NL-East,MIA,WAS,TIE,9,9,0,18
2012,MLB,NL-East,NYN,PHI,NYN,10,8,0,18
2012,MLB,NL-East,NYN,WAS,WAS,4,14,0,18
2012,MLB,NL-East,PHI,WAS,TIE,9,9,0,18
2012,MLB,NL-West,ARI,COL,ARI,10,8,0,18
2012,MLB,NL-West,ARI,LAN,ARI,12,6,0,18
2012,MLB,NL-West,ARI,SDN,SDN,7,11,0,18
2012,MLB,NL-West,ARI,SFN,TIE,9,9,0,18
2012,MLB,NL-West,COL,LAN,LAN,8,10,0,18
2012,MLB,NL-West,COL,SDN,SDN,8,10,0,18
2012,MLB,NL-West,COL,SFN,SFN,4,14,0,18
2012,MLB,NL-West,LAN,SDN,LAN,11,7,0,18
2012,MLB,NL-West,LAN,SFN,SFN,8,10,0,18
2012,MLB,NL-West,SDN,SFN,SFN,6,12,0,18
2013,MLB,AL-Central,CHA,CLE,CLE,2,17,0,19
2013,MLB,AL-Central,CHA,DET,DET,7,12,0,19
2013,MLB,AL-Central,CHA,KCA,KCA,9,10,0,19
2013,MLB,AL-Central,CHA,MIN,MIN,8,11,0,19
2013,MLB,AL-Central,CLE,DET,DET,4,15,0,19
2013,MLB,AL-Central,CLE,KCA,CLE,10,9,0,19
2013,MLB,AL-Central,CLE,MIN,CLE,13,6,0,19
2013,MLB,AL-Central,DET,KCA,KCA,9,10,0,19
2013,MLB,AL-Central,DET,MIN,DET,11,8,0,19
2013,MLB,AL-Central,KCA,MIN,KCA,15,4,0,19
2013,MLB,AL-East,BAL,BOS,BAL,11,8,0,19
2013,MLB,AL-East,BAL,NYA,NYA,9,10,0,19
2013,MLB,AL-East,BAL,TBA,TBA,6,13,0,19
2013,MLB,AL-East,BAL,TOR,BAL,10,9,0,19
2013,MLB,AL-East,BOS,NYA,BOS,13,6,0,19
2013,MLB,AL-East,BOS,TBA,BOS,12,7,0,19
2013,MLB,AL-East,BOS,TOR,BOS,11,8,0,19
2013,MLB,AL-East,NYA,TBA,TBA,7,12,0,19
2013,MLB,AL-East,NYA,TOR,NYA,14,5,0,19
2013,MLB,AL-East,TBA,TOR,TBA,11,8,0,19
2013,MLB,AL-West,ANA,HOU,HOU,9,10,0,19
2013,MLB,AL-West,ANA,OAK,OAK,8,11,0,19
2013,MLB,AL-West,ANA,SEA,ANA,11,8,0,19
2013,MLB,AL-West,ANA,TEX,TEX,4,15,0,19
2013,MLB,AL-West,HOU,OAK,OAK,4,15,0,19
2013,MLB,AL-West,HOU,SEA,SEA,9,10,0,19
2013,MLB,AL-West,HOU,TEX,TEX,2,17,0,19
2013,MLB,AL-West,OAK,SEA,SEA,8,11,0,19
2013,MLB,AL-West,OAK,TEX,OAK,10,9,0,19
2013,MLB,AL-West,SEA,TEX,TEX,7,12,0,19
2013,MLB,NL-Central,CHN,CIN,CIN,5,14,0,19
2013,MLB,NL-Central,CHN,MIL,MIL,6,13,0,19
2013,MLB,NL-Central,CHN,PIT,PIT,7,12,0,19
2013,MLB,NL-Central,CHN,SLN,SLN,7,12,0,19
2013,MLB,NL-Central,CIN,MIL,CIN,10,9,0,19
2013,MLB,NL-Central,CIN,PIT,PIT,8,11,0,19
2013,MLB,NL-Central,CIN,SLN,SLN,8,11,0,19
2013,MLB,NL-Central,MIL,PIT,PIT,7,12,0,19
2013,MLB,NL-Central,MIL,SLN,SLN,5,14,0,19
2013,MLB,NL-Central,PIT,SLN,PIT,10,9,0,19
2013,MLB,NL-East,ATL,MIA,ATL,13,6,0,19
2013,MLB,NL-East,ATL,NYN,ATL,10,9,0,19
2013,MLB,NL-East,ATL,PHI,ATL,11,8,0,19
2013,MLB,NL-East,ATL,WAS,ATL,13,6,0,19
2013,MLB,NL-East,MIA,NYN,MIA,11,8,0,19
2013,MLB,NL-East,MIA,PHI,PHI,7,12,0,19
2013,MLB,NL-East,MIA,WAS,WAS,5,14,0,19
2013,MLB,NL-East,NYN,PHI,NYN,10,9,0,19
2013,MLB,NL-East,NYN,WAS,WAS,7,12,0,19
2013,MLB,NL-East,PHI,WAS,WAS,8,11,0,19
2013,MLB,NL-West,ARI,COL,ARI,12,7,0,19
2013,MLB,NL-West,ARI,LAN,ARI,10,9,0,19
2013,MLB,NL-West,ARI,SDN,SDN,7,12,0,19
2013,MLB,NL-West,ARI,SFN,SFN,7,12,0,19
2013,MLB,NL-West,COL,LAN,COL,10,9,0,19
2013,MLB,NL-West,COL,SDN,COL,12,7,0,19
2013,MLB,NL-West,COL,SFN,SFN,9,10,0,19
2013,MLB,NL-West,LAN,SDN,LAN,11,8,0,19
2013,MLB,NL-West,LAN,SFN,SFN,8,11,0,19
2013,MLB,NL-West,SDN,SFN,SFN,8,11,0,19
2014,MLB,AL-Central,CHA,CLE,CLE,9,10,0,19
2014,MLB,AL-Central,CHA,DET,DET,9,10,0,19
2014,MLB,AL-Central,CHA,KCA,KCA,6,13,0,19
2014,MLB,AL-Central,CHA,MIN,MIN,9,10,0,19
2014,MLB,AL-Central,CLE,DET,DET,8,11,0,19
2014,MLB,AL-Central,CLE,KCA,CLE,10,9,0,19
2014,MLB,AL-Central,CLE,MIN,CLE,11,8,0,19
2014,MLB,AL-Central,DET,KCA,DET,13,6,0,19
2014,MLB,AL-Central,DET,MIN,MIN,9,10,0,19
2014,MLB,AL-Central,KCA,MIN,KCA,11,8,0,19
2014,MLB,AL-East,BAL,BOS,BAL,11,8,0,19
2014,MLB,AL-East,BAL,NYA,BAL,13,6,0,19
2014,MLB,AL-East,BAL,TBA,BAL,12,7,0,19
2014,MLB,AL-East,BAL,TOR,BAL,11,8,0,19
2014,MLB,AL-East,BOS,NYA,NYA,7,12,0,19
2014,MLB,AL-East,BOS,TBA,TBA,9,10,0,19
2014,MLB,AL-East,BOS,TOR,TOR,7,12,0,19
2014,MLB,AL-East,NYA,TBA,TBA,8,11,0,19
2014,MLB,AL-East,NYA,TOR,NYA,11,8,0,19
2014,MLB,AL-East,TBA,TOR,TOR,8,11,0,19
2014,MLB,AL-West,ANA,HOU,ANA,12,7,0,19
2014,MLB,AL-West,ANA,OAK,ANA,10,9,0,19
2014,MLB,AL-West,ANA,SEA,SEA,7,12,0,19
2014,MLB,AL-West,ANA,TEX,ANA,14,5,0,19
2014,MLB,AL-West,HOU,OAK,OAK,8,11,0,19
2014,MLB,AL-West,HOU,SEA,SEA,9,10,0,19
2014,MLB,AL-West,HOU,TEX,HOU,11,8,0,19
2014,MLB,AL-West,OAK,SEA,SEA,9,10,0,19
2014,MLB,AL-West,OAK,TEX,TEX,9,10,0,19
2014,MLB,AL-West,SEA,TEX,TEX,9,10,0,19
2014,MLB,NL-Central,CHN,CIN,CIN,8,11,0,19
2014,MLB,NL-Central,CHN,MIL,CHN,11,8,0,19
2014,MLB,NL-Central,CHN,PIT,PIT,5,14,0,19
2014,MLB,NL-Central,CHN,SLN,SLN,9,10,0,19
2014,MLB,NL-Central,CIN,MIL,CIN,10,9,0,19
2014,MLB,NL-Central,CIN,PIT,CIN,12,7,0,19
2014,MLB,NL-Central,CIN,SLN,SLN,7,12,0,19
2014,MLB,NL-Central,MIL,PIT,MIL,12,7,0,19
2014,MLB,NL-Central,MIL,SLN,SLN,7,12,0,19
2014,MLB,NL-Central,PIT,SLN,SLN,8,11,0,19
2014,MLB,NL-East,ATL,MIA,MIA,9,10,0,19
2014,MLB,NL-East,ATL,NYN,NYN,9,10,0,19
2014,MLB,NL-East,ATL,PHI,ATL,11,8,0,19
2014,MLB,NL-East,ATL,WAS,ATL,11,8,0,19
2014,MLB,NL-East,MIA,NYN,NYN,8,11,0,19
2014,MLB,NL-East,MIA,PHI,PHI,9,10,0,19
2014,MLB,NL-East,MIA,WAS,WAS,6,13,0,19
2014,MLB,NL-East,NYN,PHI,NYN,13,6,0,19
2014,MLB,NL-East,NYN,WAS,WAS,4,15,0,19
2014,MLB,NL-East,PHI,WAS,PHI,10,9,0,19
2014,MLB,NL-West,ARI,COL,COL,9,10,0,19
2014,MLB,NL-West,ARI,LAN,LAN,4,15,0,19
2014,MLB,NL-West,ARI,SDN,ARI,12,7,0,19
2014,MLB,NL-West,ARI,SFN,SFN,6,13,0,19
2014,MLB,NL-West,COL,LAN,LAN,6,13,0,19
2014,MLB,NL-West,COL,SDN,COL,10,9,0,19
2014,MLB,NL-West,COL,SFN,COL,10,9,0,19
2014,MLB,NL-West,LAN,SDN,LAN,12,7,0,19
2014,MLB,NL-West,LAN,SFN,LAN,10,9,0,19
2014,MLB,NL-West,SDN,SFN,SDN,10,9,0,19
2015,MLB,AL-Central,CHA,CLE,CHA,10,9,0,19
2015,MLB,AL-Central,CHA,DET,DET,9,10,0,19
2015,MLB,AL-Central,CHA,KCA,KCA,7,12,0,19
2015,MLB,AL-Central,CHA,MIN,MIN,6,13,0,19
2015,MLB,AL-Central,CLE,DET,DET,7,11,0,18
2015,MLB,AL-Central,CLE,KCA,KCA,9,10,0,19
2015,MLB,AL-Central,CLE,MIN,MIN,7,12,0,19
2015,MLB,AL-Central,DET,KCA,KCA,9,10,0,19
2015,MLB,AL-Central,DET,MIN,DET,11,8,0,19
2015,MLB,AL-Central,KCA,MIN,KCA,12,7,0,19
2015,MLB,AL-East,BAL,BOS,BAL,11,8,0,19
2015,MLB,AL-East,BAL,NYA,BAL,10,9,0,19
2015,MLB,AL-East,BAL,TBA,BAL,10,9,0,19
2015,MLB,AL-East,BAL,TOR,TOR,8,11,0,19
2015,MLB,AL-East,BOS,NYA,NYA,8,11,0,19
2015,MLB,AL-East,BOS,TBA,TBA,9,10,0,19
2015,MLB,AL-East,BOS,TOR,BOS,10,9,0,19
2015,MLB,AL-East,NYA,TBA,NYA,12,7,0,19
2015,MLB,AL-East,NYA,TOR,TOR,6,13,0,19
2015,MLB,AL-East,TBA,TOR,TBA,10,9,0,19
2015,MLB,AL-West,ANA,HOU,HOU,9,10,0,19
2015,MLB,AL-West,ANA,OAK,ANA,11,8,0,19
2015,MLB,AL-West,ANA,SEA,ANA,12,7,0,19
2015,MLB,AL-West,ANA,TEX,ANA,12,7,0,19
2015,MLB,AL-West,HOU,OAK,HOU,10,9,0,19
2015,MLB,AL-West,HOU,SEA,HOU,12,7,0,19
2015,MLB,AL-West,HOU,TEX,TEX,6,13,0,19
2015,MLB,AL-West,OAK,SEA,SEA,6,13,0,19
2015,MLB,AL-West,OAK,TEX,OAK,10,9,0,19
2015,MLB,AL-West,SEA,TEX,SEA,12,7,0,19
2015,MLB,NL-Central,CHN,CIN,CHN,13,6,0,19
2015,MLB,NL-Central,CHN,MIL,CHN,14,5,0,19
2015,MLB,NL-Central,CHN,PIT,CHN,11,8,0,19
2015,MLB,NL-Central,CHN,SLN,SLN,8,11,0,19
2015,MLB,NL-Central,CIN,MIL,MIL,9,10,0,19
2015,MLB,NL-Central,CIN,PIT,CIN,11,8,0,19
2015,MLB,NL-Central,CIN,SLN,SLN,7,12,0,19
2015,MLB,NL-Central,MIL,PIT,MIL,10,9,0,19
2015,MLB,NL-Central,MIL,SLN,SLN,6,13,0,19
2015,MLB,NL-Central,PIT,SLN,SLN,9,10,0,19
2015,MLB,NL-East,ATL,MIA,ATL,10,9,0,19
2015,MLB,NL-East,ATL,NYN,NYN,8,11,0,19
2015,MLB,NL-East,ATL,PHI,ATL,11,8,0,19
2015,MLB,NL-East,ATL,WAS,WAS,5,14,0,19
2015,MLB,NL-East,MIA,NYN,NYN,8,11,0,19
2015,MLB,NL-East,MIA,PHI,PHI,9,10,0,19
2015,MLB,NL-East,MIA,WAS,WAS,9,10,0,19
2015,MLB,NL-East,NYN,PHI,NYN,14,5,0,19
2015,MLB,NL-East,NYN,WAS,NYN,11,8,0,19
2015,MLB,NL-East,PHI,WAS,WAS,7,12,0,19
2015,MLB,NL-West,ARI,COL,ARI,13,6,0,19
2015,MLB,NL-West,ARI,LAN,LAN,6,13,0,19
2015,MLB,NL-West,ARI,SDN,SDN,9,10,0,19
2015,MLB,NL-West,ARI,SFN,ARI,11,8,0,19
2015,MLB,NL-West,COL,LAN,LAN,8,11,0,19
2015,MLB,NL-West,COL,SDN,SDN,7,12,0,19
2015,MLB,NL-West,COL,SFN,COL,11,8,0,19
2015,MLB,NL-West,LAN,SDN,LAN,14,5,0,19
2015,MLB,NL-West,LAN,SFN,SFN,8,11,0,19
2015,MLB,NL-West,SDN,SFN,SFN,8,11,0,19
2016,MLB,AL-Central,CHA,CLE,CLE,8,11,0,19
2016,MLB,AL-Central,CHA,DET,DET,7,12,0,19
2016,MLB,AL-Central,CHA,KCA,KCA,5,14,0,19
2016,MLB,AL-Central,CHA,MIN,CHA,12,7,0,19
2016,MLB,AL-Central,CLE,DET,CLE,14,4,0,18
2016,MLB,AL-Central,CLE,KCA,CLE,14,5,0,19
2016,MLB,AL-Central,CLE,MIN,CLE,10,9,0,19
2016,MLB,AL-Central,DET,KCA,KCA,7,12,0,19
2016,MLB,AL-Central,DET,MIN,DET,15,4,0,19
2016,MLB,AL-Central,KCA,MIN,KCA,15,4,0,19
2016,MLB,AL-East,BAL,BOS,BOS,8,11,0,19
2016,MLB,AL-East,BAL,NYA,BAL,10,9,0,19
2016,MLB,AL-East,BAL,TBA,BAL,13,6,0,19
2016,MLB,AL-East,BAL,TOR,TOR,9,10,0,19
2016,MLB,AL-East,BOS,NYA,BOS,11,8,0,19
2016,MLB,AL-East,BOS,TBA,BOS,12,7,0,19
2016,MLB,AL-East,BOS,TOR,TOR,9,10,0,19
2016,MLB,AL-East,NYA,TBA,NYA,11,8,0,19
2016,MLB,AL-East,NYA,TOR,TOR,7,12,0,19
2016,MLB,AL-East,TBA,TOR,TBA,11,8,0,19
2016,MLB,AL-West,ANA,HOU,HOU,6,13,0,19
2016,MLB,AL-West,ANA,OAK,ANA,12,7,0,19
2016,MLB,AL-West,ANA,SEA,SEA,8,11,0,19
2016,MLB,AL-West,ANA,TEX,TEX,9,10,0,19
2016,MLB,AL-West,HOU,OAK,HOU,13,6,0,19
2016,MLB,AL-West,HOU,SEA,HOU,11,8,0,19
2016,MLB,AL-West,HOU,TEX,TEX,4,15,0,19
2016,MLB,AL-West,OAK,SEA,SEA,7,12,0,19
2016,MLB,AL-West,OAK,TEX,TEX,9,10,0,19
2016,MLB,AL-West,SEA,TEX,TEX,7,12,0,19
2016,MLB,NL-Central,CHN,CIN,CHN,15,4,0,19
2016,MLB,NL-Central,CHN,MIL,CHN,11,8,0,19
2016,MLB,NL-Central,CHN,PIT,CHN,14,4,1,19
2016,MLB,NL-Central,CHN,SLN,CHN,10,9,0,19
2016,MLB,NL-Central,CIN,MIL,CIN,11,8,0,19
2016,MLB,NL-Central,CIN,PIT,PIT,9,10,0,19
2016,MLB,NL-Central,CIN,SLN,SLN,9,10,0,19
2016,MLB,NL-Central,MIL,PIT,PIT,9,10,0,19
2016,MLB,NL-Central,MIL,SLN,SLN,6,13,0,19
2016,MLB,NL-Central,PIT,SLN,SLN,9,10,0,19
2016,MLB,NL-East,ATL,MIA,ATL,11,7,0,18
2016,MLB,NL-East,ATL,NYN,ATL,10,9,0,19
2016,MLB,NL-East,ATL,PHI,ATL,11,8,0,19
2016,MLB,NL-East,ATL,WAS,WAS,4,15,0,19
2016,MLB,NL-East,MIA,NYN,NYN,7,12,0,19
2016,MLB,NL-East,MIA,PHI,PHI,9,10,0,19
2016,MLB,NL-East,MIA,WAS,WAS,9,10,0,19
2016,MLB,NL-East,NYN,PHI,NYN,12,7,0,19
2016,MLB,NL-East,NYN,WAS,WAS,7,12,0,19
2016,MLB,NL-East,PHI,WAS,WAS,5,14,0,19
2016,MLB,NL-West,ARI,COL,ARI,10,9,0,19
2016,MLB,NL-West,ARI,LAN,LAN,7,12,0,19
2016,MLB,NL-West,ARI,SDN,ARI,10,9,0,19
2016,MLB,NL-West,ARI,SFN,SFN,6,13,0,19
2016,MLB,NL-West,COL,LAN,LAN,7,12,0,19
2016,MLB,NL-West,COL,SDN,COL,10,9,0,19
2016,MLB,NL-West,COL,SFN,SFN,9,10,0,19
2016,MLB,NL-West,LAN,SDN,LAN,11,8,0,19
2016,MLB,NL-West,LAN,SFN,SFN,8,11,0,19
2016,MLB,NL-West,SDN,SFN,SFN,8,11,0,19
2017,MLB,AL-Central,CHA,CLE,CLE,6,13,0,19
2017,MLB,AL-Central,CHA,DET,CHA,10,9,0,19
2017,MLB,AL-Central,CHA,KCA,CHA,10,9,0,19
2017,MLB,AL-Central,CHA,MIN,MIN,7,12,0,19
2017,MLB,AL-Central,CLE,DET,CLE,13,6,0,19
2017,MLB,AL-Central,CLE,KCA,CLE,12,7,0,19
2017,MLB,AL-Central,CLE,MIN,CLE,12,7,0,19
2017,MLB,AL-Central,DET,KCA,KCA,8,11,0,19
2017,MLB,AL-Central,DET,MIN,MIN,8,11,0,19
2017,MLB,AL-Central,KCA,MIN,MIN,8,11,0,19
2017,MLB,AL-East,BAL,BOS,BAL,10,9,0,19
2017,MLB,AL-East,BAL,NYA,NYA,7,12,0,19
2017,MLB,AL-East,BAL,TBA,TBA,8,11,0,19
2017,MLB,AL-East,BAL,TOR,BAL,12,7,0,19
2017,MLB,AL-East,BOS,NYA,NYA,8,11,0,19
2017,MLB,AL-East,BOS,TBA,BOS,11,8,0,19
2017,MLB,AL-East,BOS,TOR,BOS,13,6,0,19
2017,MLB,AL-East,NYA,TBA,NYA,12,7,0,19
2017,MLB,AL-East,NYA,TOR,TOR,9,10,0,19
2017,MLB,AL-East,TBA,TOR,TOR,9,10,0,19
2017,MLB,AL-West,ANA,HOU,HOU,7,12,0,19
2017,MLB,AL-West,ANA,OAK,ANA,12,7,0,19
2017,MLB,AL-West,ANA,SEA,ANA,12,7,0,19
2017,MLB,AL-West,ANA,TEX,TEX,8,11,0,19
2017,MLB,AL-West,HOU,OAK,HOU,12,7,0,19
2017,MLB,AL-West,HOU,SEA,HOU,14,5,0,19
2017,MLB,AL-West,HOU,TEX,HOU,12,7,0,19
2017,MLB,AL-West,OAK,SEA,SEA,7,12,0,19
2017,MLB,AL-West,OAK,TEX,OAK,11,8,0,19
2017,MLB,AL-West,SEA,TEX,SEA,11,8,0,19
2017,MLB,NL-Central,CHN,CIN,CHN,12,7,0,19
2017,MLB,NL-Central,CHN,MIL,CHN,10,9,0,19
2017,MLB,NL-Central,CHN,PIT,CHN,10,9,0,19
2017,MLB,NL-Central,CHN,SLN,CHN,14,5,0,19
2017,MLB,NL-Central,CIN,MIL,MIL,8,11,0,19
2017,MLB,NL-Central,CIN,PIT,CIN,13,6,0,19
2017,MLB,NL-Central,CIN,SLN,SLN,9,10,0,19
2017,MLB,NL-Central,MIL,PIT,PIT,9,10,0,19
2017,MLB,NL-Central,MIL,SLN,MIL,11,8,0,19
2017,MLB,NL-Central,PIT,SLN,SLN,8,11,0,19
2017,MLB,NL-East,ATL,MIA,ATL,11,8,0,19
2017,MLB,NL-East,ATL,NYN,NYN,7,12,0,19
2017,MLB,NL-East,ATL,PHI,PHI,6,13,0,19
2017,MLB,NL-East,ATL,WAS,WAS,9,10,0,19
2017,MLB,NL-East,MIA,NYN,MIA,12,7,0,19
2017,MLB,NL-East,MIA,PHI,PHI,8,11,0,19
2017,MLB,NL-East,MIA,WAS,WAS,6,13,0,19
2017,MLB,NL-East,NYN,PHI,NYN,12,7,0,19
2017,MLB,NL-East,NYN,WAS,WAS,6,13,0,19
2017,MLB,NL-East,PHI,WAS,WAS,8,11,0,19
2017,MLB,NL-West,ARI,COL,ARI,11,8,0,19
2017,MLB,NL-West,ARI,LAN,ARI,11,8,0,19
2017,MLB,NL-West,ARI,SDN,ARI,11,8,0,19
2017,MLB,NL-West,ARI,SFN,ARI,12,7,0,19
2017,MLB,NL-West,COL,LAN,COL,10,9,0,19
2017,MLB,NL-West,COL,SDN,COL,12,7,0,19
2017,MLB,NL-West,COL,SFN,COL,12,7,0,19
2017,MLB,NL-West,LAN,SDN,LAN,13,6,0,19
2017,MLB,NL-West,LAN,SFN,LAN,11,8,0,19
2017,MLB,NL-West,SDN,SFN,SDN,12,7,0,19
2018,MLB,AL-Central,CHA,CLE,CLE,5,14,0,19
2018,MLB,AL-Central,CHA,DET,DET,7,12,0,19
2018,MLB,AL-Central,CHA,KCA,CHA,11,8,0,19
2018,MLB,AL-Central,CHA,MIN,MIN,7,12,0,19
2018,MLB,AL-Central,CLE,DET,CLE,13,6,0,19
2018,MLB,AL-Central,CLE,KCA,CLE,12,7,0,19
2018,MLB,AL-Central,CLE,MIN,CLE,10,9,0,19
2018,MLB,AL-Central,DET,KCA,KCA,8,11,0,19
2018,MLB,AL-Central,DET,MIN,MIN,7,12,0,19
2018,MLB,AL-Central,KCA,MIN,KCA,10,9,0,19
2018,MLB,AL-East,BAL,BOS,BOS,3,16,0,19
2018,MLB,AL-East,BAL,NYA,NYA,7,12,0,19
2018,MLB,AL-East,BAL,TBA,TBA,8,11,0,19
2018,MLB,AL-East,BAL,TOR,TOR,5,14,0,19
2018,MLB,AL-East,BOS,NYA,BOS,10,9,0,19
2018,MLB,AL-East,BOS,TBA,BOS,11,8,0,19
2018,MLB,AL-East,BOS,TOR,BOS,15,4,0,19
2018,MLB,AL-East,NYA,TBA,NYA,10,9,0,19
2018,MLB,AL-East,NYA,TOR,NYA,13,6,0,19
2018,MLB,AL-East,TBA,TOR,TBA,13,6,0,19
2018,MLB,AL-West,ANA,HOU,HOU,6,13,0,19
2018,MLB,AL-West,ANA,OAK,ANA,10,9,0,19
2018,MLB,AL-West,ANA,SEA,SEA,8,11,0,19
2018,MLB,AL-West,ANA,TEX,ANA,13,6,0,19
2018,MLB,AL-West,HOU,OAK,HOU,12,7,0,19
2018,MLB,AL-West,HOU,SEA,SEA,9,10,0,19
2018,MLB,AL-West,HOU,TEX,HOU,12,7,0,19
2018,MLB,AL-West,OAK,SEA,SEA,9,10,0,19
2018,MLB,AL-West,OAK,TEX,OAK,13,6,0,19
2018,MLB,AL-West,SEA,TEX,SEA,10,9,0,19
2018,MLB,NL-Central,CHN,CIN,CHN,11,8,0,19
2018,MLB,NL-Central,CHN,MIL,CHN,11,9,0,20
2018,MLB,NL-Central,CHN,PIT,CHN,10,9,0,19
2018,MLB,NL-Central,CHN,SLN,SLN,9,10,0,19
2018,MLB,NL-Central,CIN,MIL,MIL,6,13,0,19
2018,MLB,NL-Central,CIN,PIT,PIT,5,14,0,19
2018,MLB,NL-Central,CIN,SLN,SLN,7,12,0,19
2018,MLB,NL-Central,MIL,PIT,PIT,7,12,0,19
2018,MLB,NL-Central,MIL,SLN,MIL,11,8,0,19
2018,MLB,NL-Central,PIT,SLN,SLN,8,11,0,19
2018,MLB,NL-East,ATL,MIA,ATL,14,5,0,19
2018,MLB,NL-East,ATL,NYN,ATL,13,6,0,19
2018,MLB,NL-East,ATL,PHI,ATL,12,7,0,19
2018,MLB,NL-East,ATL,WAS,ATL,10,9,0,19
2018,MLB,NL-East,MIA,NYN,NYN,7,12,0,19
2018,MLB,NL-East,MIA,PHI,PHI,8,11,0,19
2018,MLB,NL-East,MIA,WAS,WAS,6,13,0,19
2018,MLB,NL-East,NYN,PHI,NYN,11,8,0,19
2018,MLB,NL-East,NYN,WAS,NYN,11,8,0,19
2018,MLB,NL-East,PHI,WAS,WAS,8,11,0,19
2018,MLB,NL-West,ARI,COL,COL,8,11,0,19
2018,MLB,NL-West,ARI,LAN,ARI,11,8,0,19
2018,MLB,NL-West,ARI,SDN,ARI,12,7,0,19
2018,MLB,NL-West,ARI,SFN,SFN,8,11,0,19
2018,MLB,NL-West,COL,LAN,LAN,7,13,0,20
2018,MLB,NL-West,COL,SDN,COL,11,8,0,19
2018,MLB,NL-West,COL,SFN,COL,12,7,0,19
2018,MLB,NL-West,LAN,SDN,LAN,14,5,0,19
2018,MLB,NL-West,LAN,SFN,LAN,10,9,0,19
2018,MLB,NL-West,SDN,SFN,SFN,8,11,0,19
2019,MLB,AL-Central,CHA,CLE,CHA,11,8,0,19
2019,MLB,AL-Central,CHA,DET,CHA,12,6,0,18
2019,MLB,AL-Central,CHA,KCA,KCA,9,10,0,19
2019,MLB,AL-Central,CHA,MIN,MIN,6,13,0,19
2019,MLB,AL-Central,CLE,DET,CLE,18,1,0,19
2019,MLB,AL-Central,CLE,KCA,CLE,12,7,0,19
2019,MLB,AL-Central,CLE,MIN,CLE,10,9,0,19
2019,MLB,AL-Central,DET,KCA,DET,10,9,0,19
2019,MLB,AL-Central,DET,MIN,MIN,5,14,0,19
2019,MLB,AL-Central,KCA,MIN,MIN,5,14,0,19
2019,MLB,AL-East,BAL,BOS,BOS,7,12,0,19
2019,MLB,AL-East,BAL,NYA,NYA,2,17,0,19
2019,MLB,AL-East,BAL,TBA,TBA,7,12,0,19
2019,MLB,AL-East,BAL,TOR,TOR,8,11,0,19
2019,MLB,AL-East,BOS,NYA,NYA,5,14,0,19
2019,MLB,AL-East,BOS,TBA,TBA,7,12,0,19
2019,MLB,AL-East,BOS,TOR,BOS,11,8,0,19
2019,MLB,AL-East,NYA,TBA,NYA,12,7,0,19
2019,MLB,AL-East,NYA,TOR,NYA,11,8,0,19
2019,MLB,AL-East,TBA,TOR,TBA,13,6,0,19
2019,MLB,AL-West,ANA,HOU,HOU,5,14,0,19
2019,MLB,AL-West,ANA,OAK,OAK,6,13,0,19
2019,MLB,AL-West,ANA,SEA,ANA,10,9,0,19
2019,MLB,AL-West,ANA,TEX,TEX,9,10,0,19
2019,MLB,AL-West,HOU,OAK,HOU,11,8,0,19
2019,MLB,AL-West,HOU,SEA,HOU,18,1,0,19
2019,MLB,AL-West,HOU,TEX,HOU,13,6,0,19
2019,MLB,AL-West,OAK,SEA,OAK,10,9,0,19
2019,MLB,AL-West,OAK,TEX,OAK,13,6,0,19
2019,MLB,AL-West,SEA,TEX,TEX,8,11,0,19
2019,MLB,NL-Central,CHN,CIN,CIN,8,11,0,19
2019,MLB,NL-Central,CHN,MIL,MIL,9,10,0,19
2019,MLB,NL-Central,CHN,PIT,CHN,11,8,0,19
2019,MLB,NL-Central,CHN,SLN,SLN,9,10,0,19
2019,MLB,NL-Central,CIN,MIL,MIL,8,11,0,19
2019,MLB,NL-Central,CIN,PIT,PIT,7,12,0,19
2019,MLB,NL-Central,CIN,SLN,SLN,7,12,0,19
2019,MLB,NL-Central,MIL,PIT,MIL,15,4,0,19
2019,MLB,NL-Central,MIL,SLN,SLN,9,10,0,19
2019,MLB,NL-Central,PIT,SLN,SLN,5,14,0,19
2019,MLB,NL-East,ATL,MIA,ATL,15,4,0,19
2019,MLB,NL-East,ATL,NYN,ATL,11,8,0,19
2019,MLB,NL-East,ATL,PHI,PHI,9,10,0,19
2019,MLB,NL-East,ATL,WAS,ATL,11,8,0,19
2019,MLB,NL-East,MIA,NYN,NYN,6,13,0,19
2019,MLB,NL-East,MIA,PHI,MIA,10,9,0,19
2019,MLB,NL-East,MIA,WAS,WAS,4,15,0,19
2019,MLB,NL-East,NYN,PHI,PHI,7,12,0,19
2019,MLB,NL-East,NYN,WAS,NYN,12,7,0,19
2019,MLB,NL-East,PHI,WAS,WAS,5,14,0,19
2019,MLB,NL-West,ARI,COL,COL,9,10,0,19
2019,MLB,NL-West,ARI,LAN,LAN,8,11,0,19
2019,MLB,NL-West,ARI,SDN,ARI,11,8,0,19
2019,MLB,NL-West,ARI,SFN,ARI,10,9,0,19
2019,MLB,NL-West,COL,LAN,LAN,4,15,0,19
2019,MLB,NL-West,COL,SDN,COL,11,8,0,19
2019,MLB,NL-West,COL,SFN,SFN,7,12,0,19
2019,MLB,NL-West,LAN,SDN,LAN,13,6,0,19
2019,MLB,NL-West,LAN,SFN,LAN,12,7,0,19
2019,MLB,NL-West,SDN,SFN,SFN,9,10,0,19
2020,MLB,AL-Central,CHA,CLE,CLE,2,8,0,10
2020,MLB,AL-Central,CHA,DET,CHA,9,1,0,10
2020,MLB,AL-Central,CHA,KCA,CHA,9,1,0,10
2020,MLB,AL-Central,CHA,MIN,TIE,5,5,0,10
2020,MLB,AL-Central,CLE,DET,CLE,7,3,0,10
2020,MLB,AL-Central,CLE,KCA,TIE,5,5,0,10
2020,MLB,AL-Central,CLE,MIN,MIN,3,7,0,10
2020,MLB,AL-Central,DET,KCA,KCA,4,6,0,10
2020,MLB,AL-Central,DET,MIN,MIN,4,6,0,10
2020,MLB,AL-Central,KCA,MIN,TIE,5,5,0,10
2020,MLB,AL-East,BAL,BOS,TIE,5,5,0,10
2020,MLB,AL-East,BAL,NYA,NYA,3,7,0,10
2020,MLB,AL-East,BAL,TBA,TBA,4,6,0,10
2020,MLB,AL-East,BAL,TOR,TOR,2,8,0,10
2020,MLB,AL-East,BOS,NYA,NYA,1,9,0,10
2020,MLB,AL-East,BOS,TBA,TBA,3,7,0,10
2020,MLB,AL-East,BOS,TOR,TIE,5,5,0,10
2020,MLB,AL-East,NYA,TBA,TBA,2,8,0,10
2020,MLB,AL-East,NYA,TOR,TIE,5,5,0,10
2020,MLB,AL-East,TBA,TOR,TBA,6,4,0,10
2020,MLB,AL-West,ANA,HOU,ANA,6,4,0,10
2020,MLB,AL-West,ANA,OAK,OAK,4,6,0,10
2020,MLB,AL-West,ANA,SEA,TIE,5,5,0,10
2020,MLB,AL-West,ANA,TEX,TEX,4,6,0,10
2020,MLB,AL-West,HOU,OAK,OAK,3,7,0,10
2020,MLB,AL-West,HOU,SEA,HOU,7,3,0,10
2020,MLB,AL-West,HOU,TEX,TIE,5,5,0,10
2020,MLB,AL-West,OAK,SEA,OAK,6,4,0,10
2020,MLB,AL-West,OAK,TEX,OAK,7,3,0,10
2020,MLB,AL-West,SEA,TEX,SEA,8,2,0,10
2020,MLB,NL-Central,CHN,CIN,CHN,6,4,0,10
2020,MLB,NL-Central,CHN,MIL,TIE,5,5,0,10
2020,MLB,NL-Central,CHN,PIT,CHN,6,4,0,10
2020,MLB,NL-Central,CHN,SLN,TIE,5,5,0,10
2020,MLB,NL-Central,CIN,MIL,CIN,6,4,0,10
2020,MLB,NL-Central,CIN,PIT,CIN,7,3,0,10
2020,MLB,NL-Central,CIN,SLN,SLN,4,6,0,10
2020,MLB,NL-Central,MIL,PIT,TIE,5,5,0,10
2020,MLB,NL-Central,MIL,SLN,TIE,5,5,0,10
2020,MLB,NL-Central,PIT,SLN,SLN,4,6,0,10
2020,MLB,NL-East,ATL,MIA,ATL,6,4,0,10
2020,MLB,NL-East,ATL,NYN,ATL,7,3,0,10
2020,MLB,NL-East,ATL,PHI,TIE,5,5,0,10
2020,MLB,NL-East,ATL,WAS,ATL,6,4,0,10
2020,MLB,NL-East,MIA,NYN,NYN,4,6,0,10
2020,MLB,NL-East,MIA,PHI,MIA,7,3,0,10
2020,MLB,NL-East,MIA,WAS,MIA,6,4,0,10
2020,MLB,NL-East,NYN,PHI,PHI,4,6,0,10
2020,MLB,NL-East,NYN,WAS,WAS,4,6,0,10
2020,MLB,NL-East,PHI,WAS,PHI,7,3,0,10
2020,MLB,NL-West,ARI,COL,TIE,5,5,0,10
2020,MLB,NL-West,ARI,LAN,LAN,2,8,0,10
2020,MLB,NL-West,ARI,SDN,TIE,5,5,0,10
2020,MLB,NL-West,ARI,SFN,SFN,2,8,0,10
2020,MLB,NL-West,COL,LAN,LAN,3,7,0,10
2020,MLB,NL-West,COL,SDN,SDN,3,7,0,10
2020,MLB,NL-West,COL,SFN,COL,6,4,0,10
2020,MLB,NL-West,LAN,SDN,LAN,6,4,0,10
2020,MLB,NL-West,LAN,SFN,LAN,6,4,0,10
2020,MLB,NL-West,SDN,SFN,SDN,8,2,0,10
2021,MLB,AL-Central,CHA,CLE,CHA,10,9,0,19
2021,MLB,AL-Central,CHA,DET,CHA,12,7,0,19
2021,MLB,AL-Central,CHA,KCA,KCA,9,10,0,19
2021,MLB,AL-Central,CHA,MIN,CHA,13,6,0,19
2021,MLB,AL-Central,CLE,DET,CLE,12,7,0,19
2021,MLB,AL-Central,CLE,KCA,CLE,14,5,0,19
2021,MLB,AL-Central,CLE,MIN,MIN,8,11,0,19
2021,MLB,AL-Central,DET,KCA,KCA,8,11,0,19
2021,MLB,AL-Central,DET,MIN,MIN,8,11,0,19
2021,MLB,AL-Central,KCA,MIN,KCA,10,9,0,19
2021,MLB,AL-East,BAL,BOS,BOS,6,13,0,19
2021,MLB,AL-East,BAL,NYA,NYA,8,11,0,19
2021,MLB,AL-East,BAL,TBA,TBA,1,18,0,19
2021,MLB,AL-East,BAL,TOR,TOR,5,14,0,19
2021,MLB,AL-East,BOS,NYA,BOS,10,9,0,19
2021,MLB,AL-East,BOS,TBA,TBA,8,11,0,19
2021,MLB,AL-East,BOS,TOR,BOS,10,9,0,19
2021,MLB,AL-East,NYA,TBA,TBA,8,11,0,19
2021,MLB,AL-East,NYA,TOR,TOR,8,11,0,19
2021,MLB,AL-East,TBA,TOR,TBA,11,8,0,19
2021,MLB,AL-West,ANA,HOU,HOU,6,13,0,19
2021,MLB,AL-West,ANA,OAK,OAK,4,15,0,19
2021,MLB,AL-West,ANA,SEA,SEA,8,11,0,19
2021,MLB,AL-West,ANA,TEX,ANA,11,8,0,19
2021,MLB,AL-West,HOU,OAK,HOU,11,8,0,19
2021,MLB,AL-West,HOU,SEA,HOU,11,8,0,19
2021,MLB,AL-West,HOU,TEX,HOU,14,5,0,19
2021,MLB,AL-West,OAK,SEA,SEA,4,15,0,19
2021,MLB,AL-West,OAK,TEX,OAK,10,9,0,19
2021,MLB,AL-West,SEA,TEX,SEA,13,6,0,19
2021,MLB,NL-Central,CHN,CIN,CIN,8,11,0,19
2021,MLB,NL-Central,CHN,MIL,MIL,4,15,0,19
2021,MLB,NL-Central,CHN,PIT,CHN,14,5,0,19
2021,MLB,NL-Central,CHN,SLN,SLN,9,10,0,19
2021,MLB,NL-Central,CIN,MIL,MIL,9,10,0,19
2021,MLB,NL-Central,CIN,PIT,CIN,13,6,0,19
2021,MLB,NL-Central,CIN,SLN,CIN,10,9,0,19
2021,MLB,NL-Central,MIL,PIT,MIL,14,5,0,19
2021,MLB,NL-Central,MIL,SLN,SLN,8,11,0,19
2021,MLB,NL-Central,PIT,SLN,SLN,7,12,0,19
2021,MLB,NL-East,ATL,MIA,ATL,11,8,0,19
2021,MLB,NL-East,ATL,NYN,ATL,10,9,0,19
2021,MLB,NL-East,ATL,PHI,ATL,10,9,0,19
2021,MLB,NL-East,ATL,WAS,ATL,14,5,0,19
2021,MLB,NL-East,MIA,NYN,NYN,9,10,0,19
2021,MLB,NL-East,MIA,PHI,MIA,10,9,0,19
2021,MLB,NL-East,MIA,WAS,WAS,8,11,0,19
2021,MLB,NL-East,NYN,PHI,PHI,9,10,0,19
2021,MLB,NL-East,NYN,WAS,NYN,11,8,0,19
2021,MLB,NL-East,PHI,WAS,PHI,13,6,0,19
2021,MLB,NL-West,ARI,COL,COL,9,10,0,19
2021,MLB,NL-West,ARI,LAN,LAN,3,16,0,19
2021,MLB,NL-West,ARI,SDN,SDN,8,11,0,19
2021,MLB,NL-West,ARI,SFN,SFN,2,17,0,19
2021,MLB,NL-West,COL,LAN,LAN,6,13,0,19
2021,MLB,NL-West,COL,SDN,COL,11,8,0,19
2021,MLB,NL-West,COL,SFN,SFN,4,15,0,19
2021,MLB,NL-West,LAN,SDN,LAN,12,7,0,19
2021,MLB,NL-West,LAN,SFN,SFN,9,10,0,19
2021,MLB,NL-West,SDN,SFN,SFN,8,11,0,19
2022,MLB,AL-Central,CHA,CLE,CLE,7,12,0,19
2022,MLB,AL-Central,CHA,DET,CHA,12,7,0,19
2022,MLB,AL-Central,CHA,KCA,KCA,9,10,0,19
2022,MLB,AL-Central,CHA,MIN,MIN,9,10,0,19
2022,MLB,AL-Central,CLE,DET,CLE,10,9,0,19
2022,MLB,AL-Central,CLE,KCA,CLE,12,7,0,19
2022,MLB,AL-Central,CLE,MIN,CLE,13,6,0,19
2022,MLB,AL-Central,DET,KCA,DET,10,9,0,19
2022,MLB,AL-Central,DET,MIN,MIN,8,11,0,19
2022,MLB,AL-Central,KCA,MIN,MIN,7,12,0,19
2022,MLB,AL-East,BAL,BOS,BOS,9,10,0,19
2022,MLB,AL-East,BAL,NYA,NYA,7,12,0,19
2022,MLB,AL-East,BAL,TBA,TBA,9,10,0,19
2022,MLB,AL-East,BAL,TOR,TOR,9,10,0,19
2022,MLB,AL-East,BOS,NYA,NYA,6,13,0,19
2022,MLB,AL-East,BOS,TBA,TBA,7,12,0,19
2022,MLB,AL-East,BOS,TOR,TOR,3,16,0,19
2022,MLB,AL-East,NYA,TBA,NYA,11,8,0,19
2022,MLB,AL-East,NYA,TOR,NYA,11,8,0,19
2022,MLB,AL-East,TBA,TOR,TBA,10,9,0,19
2022,MLB,AL-West,ANA,HOU,HOU,6,13,0,19
2022,MLB,AL-West,ANA,OAK,ANA,12,7,0,19
2022,MLB,AL-West,ANA,SEA,ANA,10,9,0,19
2022,MLB,AL-West,ANA,TEX,TEX,9,10,0,19
2022,MLB,AL-West,HOU,OAK,HOU,12,7,0,19
2022,MLB,AL-West,HOU,SEA,HOU,12,7,0,19
2022,MLB,AL-West,HOU,TEX,HOU,14,5,0,19
2022,MLB,AL-West,OAK,SEA,SEA,8,11,0,19
2022,MLB,AL-West,OAK,TEX,TEX,8,11,0,19
2022,MLB,AL-West,SEA,TEX,SEA,14,5,0,19
2022,MLB,NL-Central,CHN,CIN,CHN,11,8,0,19
2022,MLB,NL-Central,CHN,MIL,CHN,10,9,0,19
2022,MLB,NL-Central,CHN,PIT,CHN,10,9,0,19
2022,MLB,NL-Central,CHN,SLN,SLN,6,13,0,19
2022,MLB,NL-Central,CIN,MIL,MIL,6,13,0,19
2022,MLB,NL-Central,CIN,PIT,PIT,7,12,0,19
2022,MLB,NL-Central,CIN,SLN,SLN,7,12,0,19
2022,MLB,NL-Central,MIL,PIT,MIL,11,8,0,19
2022,MLB,NL-Central,MIL,SLN,SLN,9,10,0,19
2022,MLB,NL-Central,PIT,SLN,SLN,6,13,0,19
2022,MLB,NL-East,ATL,MIA,ATL,13,6,0,19
2022,MLB,NL-East,ATL,NYN,ATL,10,9,0,19
2022,MLB,NL-East,ATL,PHI,ATL,11,8,0,19
2022,MLB,NL-East,ATL,WAS,ATL,14,5,0,19
2022,MLB,NL-East,MIA,NYN,NYN,6,13,0,19
2022,MLB,NL-East,MIA,PHI,PHI,7,12,0,19
2022,MLB,NL-East,MIA,WAS,MIA,15,4,0,19
2022,MLB,NL-East,NYN,PHI,NYN,14,5,0,19
2022,MLB,NL-East,NYN,WAS,NYN,14,5,0,19
2022,MLB,NL-East,PHI,WAS,PHI,16,3,0,19
2022,MLB,NL-West,ARI,COL,COL,9,10,0,19
2022,MLB,NL-West,ARI,LAN,LAN,5,14,0,19
2022,MLB,NL-West,ARI,SDN,SDN,5,14,0,19
2022,MLB,NL-West,ARI,SFN,ARI,10,9,0,19
2022,MLB,NL-West,COL,LAN,LAN,8,11,0,19
2022,MLB,NL-West,COL,SDN,COL,10,9,0,19
2022,MLB,NL-West,COL,SFN,SFN,5,14,0,19
2022,MLB,NL-West,LAN,SDN,LAN,14,5,0,19
2022,MLB,NL-West,LAN,SFN,LAN,15,4,0,19
2022,MLB,NL-West,SDN,SFN,SDN,13,6,0,19
2023,MLB,AL-Central,CHA,CLE,CHA,8,5,0,13
2023,MLB,AL-Central,CHA,DET,DET,5,8,0,13
2023,MLB,AL-Central,CHA,KCA,KCA,6,7,0,13
2023,MLB,AL-Central,CHA,MIN,MIN,4,9,0,13
2023,MLB,AL-Central,CLE,DET,DET,4,9,0,13
2023,MLB,AL-Central,CLE,KCA,CLE,7,6,0,13
2023,MLB,AL-Central,CLE,MIN,CLE,7,6,0,13
2023,MLB,AL-Central,DET,KCA,DET,10,3,0,13
2023,MLB,AL-Central,DET,MIN,DET,8,5,0,13
2023,MLB,AL-Central,KCA,MIN,MIN,4,9,0,13
2023,MLB,AL-East,BAL,BOS,BAL,7,6,0,13
2023,MLB,AL-East,BAL,NYA,BAL,7,6,0,13
2023,MLB,AL-East,BAL,TBA,BAL,8,5,0,13
2023,MLB,AL-East,BAL,TOR,BAL,10,3,0,13
2023,MLB,AL-East,BOS,NYA,BOS,9,4,0,13
2023,MLB,AL-East,BOS,TBA,TBA,2,11,0,13
2023,MLB,AL-East,BOS,TOR,BOS,7,6,0,13
2023,MLB,AL-East,NYA,TBA,TBA,5,8,0,13
2023,MLB,AL-East,NYA,TOR,NYA,7,6,0,13
2023,MLB,AL-East,TBA,TOR,TBA,7,6,0,13
2023,MLB,AL-West,ANA,HOU,HOU,4,9,0,13
2023,MLB,AL-West,ANA,OAK,ANA,7,6,0,13
2023,MLB,AL-West,ANA,SEA,SEA,5,8,0,13
2023,MLB,AL-West,ANA,TEX,TEX,6,7,0,13
2023,MLB,AL-West,HOU,OAK,HOU,10,3,0,13
2023,MLB,AL-West,HOU,SEA,SEA,4,9,0,13
2023,MLB,AL-West,HOU,TEX,HOU,9,4,0,13
2023,MLB,AL-West,OAK,SEA,SEA,1,12,0,13
2023,MLB,AL-West,OAK,TEX,TEX,4,9,0,13
2023,MLB,AL-West,SEA,TEX,TEX,4,9,0,13
2023,MLB,NL-Central,CHN,CIN,CIN,6,7,0,13
2023,MLB,NL-Central,CHN,MIL,MIL,6,7,0,13
2023,MLB,NL-Central,CHN,PIT,CHN,10,3,0,13
2023,MLB,NL-Central,CHN,SLN,CHN,8,5,0,13
2023,MLB,NL-Central,CIN,MIL,MIL,3,10,0,13
2023,MLB,NL-Central,CIN,PIT,PIT,5,8,0,13
2023,MLB,NL-Central,CIN,SLN,SLN,6,7,0,13
2023,MLB,NL-Central,MIL,PIT,MIL,8,5,0,13
2023,MLB,NL-Central,MIL,SLN,MIL,8,5,0,13
2023,MLB,NL-Central,PIT,SLN,PIT,9,4,0,13
2023,MLB,NL-East,ATL,MIA,ATL,9,4,0,13
2023,MLB,NL-East,ATL,NYN,ATL,10,3,0,13
2023,MLB,NL-East,ATL,PHI,ATL,8,5,0,13
2023,MLB,NL-East,ATL,WAS,ATL,8,5,0,13
2023,MLB,NL-East,MIA,NYN,NYN,4,9,0,13
2023,MLB,NL-East,MIA,PHI,MIA,7,6,0,13
2023,MLB,NL-East,MIA,WAS,MIA,11,2,0,13
2023,MLB,NL-East,NYN,PHI,PHI,6,7,0,13
2023,MLB,NL-East,NYN,WAS,NYN,7,6,0,13
2023,MLB,NL-East,PHI,WAS,PHI,7,6,0,13
2023,MLB,NL-West,ARI,COL,ARI,10,3,0,13
2023,MLB,NL-West,ARI,LAN,LAN,5,8,0,13
2023,MLB,NL-West,ARI,SDN,ARI,7,6,0,13
2023,MLB,NL-West,ARI,SFN,ARI,7,6,0,13
2023,MLB,NL-West,COL,LAN,LAN,3,10,0,13
2023,MLB,NL-West,COL,SDN,SDN,4,9,0,13
2023,MLB,NL-West,COL,SFN,SFN,4,9,0,13
2023,MLB,NL-West,LAN,SDN,LAN,9,4,0,13
2023,MLB,NL-West,LAN,SFN,LAN,7,6,0,13
2023,MLB,NL-West,SDN,SFN,SDN,8,5,0,13
2024,MLB,AL-Central,CHA,CLE,CLE,5,8,0,13
2024,MLB,AL-Central,CHA,DET,DET,3,10,0,13
2024,MLB,AL-Central,CHA,KCA,KCA,1,12,0,13
2024,MLB,AL-Central,CHA,MIN,MIN,1,12,0,13
2024,MLB,AL-Central,CLE,DET,CLE,7,6,0,13
2024,MLB,AL-Central,CLE,KCA,KCA,5,8,0,13
2024,MLB,AL-Central,CLE,MIN,CLE,10,3,0,13
2024,MLB,AL-Central,DET,KCA,KCA,6,7,0,13
2024,MLB,AL-Central,DET,MIN,MIN,6,7,0,13
2024,MLB,AL-Central,KCA,MIN,MIN,6,7,0,13
2024,MLB,AL-East,BAL,BOS,BAL,8,5,0,13
2024,MLB,AL-East,BAL,NYA,BAL,8,5,0,13
2024,MLB,AL-East,BAL,TBA,BAL,9,4,0,13
2024,MLB,AL-East,BAL,TOR,BAL,7,6,0,13
2024,MLB,AL-East,BOS,NYA,NYA,6,7,0,13
2024,MLB,AL-East,BOS,TBA,TBA,6,7,0,13
2024,MLB,AL-East,BOS,TOR,BOS,8,5,0,13
2024,MLB,AL-East,NYA,TBA,NYA,7,6,0,13
2024,MLB,AL-East,NYA,TOR,NYA,7,6,0,13
2024,MLB,AL-East,TBA,TOR,TBA,9,4,0,13
2024,MLB,AL-West,ANA,HOU,HOU,4,9,0,13
2024,MLB,AL-West,ANA,OAK,OAK,5,8,0,13
2024,MLB,AL-West,ANA,SEA,ANA,8,5,0,13
2024,MLB,AL-West,ANA,TEX,TEX,4,9,0,13
2024,MLB,AL-West,HOU,OAK,HOU,8,5,0,13
2024,MLB,AL-West,HOU,SEA,SEA,5,8,0,13
2024,MLB,AL-West,HOU,TEX,HOU,7,6,0,13
2024,MLB,AL-West,OAK,SEA,SEA,4,9,0,13
2024,MLB,AL-West,OAK,TEX,TEX,6,7,0,13
2024,MLB,AL-West,SEA,TEX,SEA,10,3,0,13
2024,MLB,NL-Central,CHN,CIN,CIN,5,8,0,13
2024,MLB,NL-Central,CHN,MIL,MIL,5,8,0,13
2024,MLB,NL-Central,CHN,PIT,CHN,7,6,0,13
2024,MLB,NL-Central,CHN,SLN,SLN,6,7,0,13
2024,MLB,NL-Central,CIN,MIL,MIL,4,9,0,13
2024,MLB,NL-Central,CIN,PIT,PIT,5,8,0,13
2024,MLB,NL-Central,CIN,SLN,CIN,7,6,0,13
2024,MLB,NL-Central,MIL,PIT,MIL,7,6,0,13
2024,MLB,NL-Central,MIL,SLN,MIL,8,5,0,13
2024,MLB,NL-Central,PIT,SLN,SLN,5,8,0,13
2024,MLB,NL-East,ATL,MIA,ATL,9,4,0,13
2024,MLB,NL-East,ATL,NYN,ATL,7,6,0,13
2024,MLB,NL-East,ATL,PHI,ATL,7,6,0,13
2024,MLB,NL-East,ATL,WAS,WAS,5,8,0,13
2024,MLB,NL-East,MIA,NYN,NYN,6,7,0,13
2024,MLB,NL-East,MIA,PHI,PHI,6,7,0,13
2024,MLB,NL-East,MIA,WAS,WAS,2,11,0,13
2024,MLB,NL-East,NYN,PHI,PHI,6,7,0,13
2024,MLB,NL-East,NYN,WAS,NYN,11,2,0,13
2024,MLB,NL-East,PHI,WAS,PHI,9,4,0,13
2024,MLB,NL-West,ARI,COL,ARI,9,4,0,13
2024,MLB,NL-West,ARI,LAN,LAN,6,7,0,13
2024,MLB,NL-West,ARI,SDN,SDN,6,7,0,13
2024,MLB,NL-West,ARI,SFN,ARI,7,6,0,13
2024,MLB,NL-West,COL,LAN,LAN,3,10,0,13
2024,MLB,NL-West,COL,SDN,COL,8,5,0,13
2024,MLB,NL-West,COL,SFN,SFN,3,10,0,13
2024,MLB,NL-West,LAN,SDN,SDN,5,8,0,13
2024,MLB,NL-West,LAN,SFN,LAN,9,4,0,13
2024,MLB,NL-West,SDN,SFN,SDN,7,6,0,13
