season,league,division,division_teams
2014,MLB,AL-East,"('BAL', 'BOS', 'NYA', 'TBA', 'TOR')"
2014,MLB,AL-Central,"('CHA', 'CLE', 'DET', 'KCA', 'MIN')"
2014,MLB,AL-West,"('ANA', 'HOU', 'OAK', 'SEA', 'TEX')"
2014,MLB,NL-East,"('ATL', 'MIA', 'NYN', 'PHI', 'WAS')"
2014,MLB,NL-Central,"('CHN', 'CIN', 'MIL', 'PIT', 'SLN')"
2014,MLB,NL-West,"('ARI', 'COL', 'LAN', 'SDN', 'SFN')"
2015,MLB,AL-East,"('BAL', 'BOS', 'NYA', 'TBA', 'TOR')"
2015,MLB,AL-Central,"('CHA', 'CLE', 'DET', 'KCA', 'MIN')"
2015,MLB,AL-West,"('ANA', 'HOU', 'OAK', 'SEA', 'TEX')"
2015,MLB,NL-East,"('ATL', 'MIA', 'NYN', 'PHI', 'WAS')"
2015,MLB,NL-Central,"('CHN', 'CIN', 'MIL', 'PIT', 'SLN')"
2015,MLB,NL-West,"('ARI', 'COL', 'LAN', 'SDN', 'SFN')"
2016,MLB,AL-East,"('BAL', 'BOS', 'NYA', 'TBA', 'TOR')"
2016,MLB,AL-Central,"('CHA', 'CLE', 'DET', 'KCA', 'MIN')"
2016,MLB,AL-West,"('ANA', 'HOU', 'OAK', 'SEA', 'TEX')"
2016,MLB,NL-East,"('ATL', 'MIA', 'NYN', 'PHI', 'WAS')"
2016,MLB,NL-Central,"('CHN', 'CIN', 'MIL', 'PIT', 'SLN')"
2016,MLB,NL-West,"('ARI', 'COL', 'LAN', 'SDN', 'SFN')"
2017,MLB,AL-East,"('BAL', 'BOS', 'NYA', 'TBA', 'TOR')"
2017,MLB,AL-Central,"('CHA', 'CLE', 'DET', 'KCA', 'MIN')"
2017,MLB,AL-West,"('ANA', 'HOU', 'OAK', 'SEA', 'TEX')"
2017,MLB,NL-East,"('ATL', 'MIA', 'NYN', 'PHI', 'WAS')"
2017,MLB,NL-Central,"('CHN', 'CIN', 'MIL', 'PIT', 'SLN')"
2017,MLB,NL-West,"('ARI', 'COL', 'LAN', 'SDN', 'SFN')"
2018,MLB,AL-East,"('BAL', 'BOS', 'NYA', 'TBA', 'TOR')"
2018,MLB,AL-Central,"('CHA', 'CLE', 'DET', 'KCA', 'MIN')"
2018,MLB,AL-West,"('ANA', 'HOU', 'OAK', 'SEA', 'TEX')"
2018,MLB,NL-East,"('ATL', 'MIA', 'NYN', 'PHI', 'WAS')"
2018,MLB,NL-Central,"('CHN', 'CIN', 'MIL', 'PIT', 'SLN')"
2018,MLB,NL-West,"('ARI', 'COL', 'LAN', 'SDN', 'SFN')"
2019,MLB,AL-East,"('BAL', 'BOS', 'NYA', 'TBA', 'TOR')"
2019,MLB,AL-Central,"('CHA', 'CLE', 'DET', 'KCA', 'MIN')"
2019,MLB,AL-West,"('ANA', 'HOU', 'OAK', 'SEA', 'TEX')"
2019,MLB,NL-East,"('ATL', 'MIA', 'NYN', 'PHI', 'WAS')"
2019,MLB,NL-Central,"('CHN', 'CIN', 'MIL', 'PIT', 'SLN')"
2019,MLB,NL-West,"('ARI', 'COL', 'LAN', 'SDN', 'SFN')"
2020,MLB,AL-East,"('BAL', 'BOS', 'NYA', 'TBA', 'TOR')"
2020,MLB,AL-Central,"('CHA', 'CLE', 'DET', 'KCA', 'MIN')"
2020,MLB,AL-West,"('ANA', 'HOU', 'OAK', 'SEA', 'TEX')"
2020,MLB,NL-East,"('ATL', 'MIA', 'NYN', 'PHI', 'WAS')"
2020,MLB,NL-Central,"('CHN', 'CIN', 'MIL', 'PIT', 'SLN')"
2020,MLB,NL-West,"('ARI', 'COL', 'LAN', 'SDN', 'SFN')"
2021,MLB,AL-East,"('BAL', 'BOS', 'NYA', 'TBA', 'TOR')"
2021,MLB,AL-Central,"('CHA', 'CLE', 'DET', 'KCA', 'MIN')"
2021,MLB,AL-West,"('ANA', 'HOU', 'OAK', 'SEA', 'TEX')"
2021,MLB,NL-East,"('ATL', 'MIA', 'NYN', 'PHI', 'WAS')"
2021,MLB,NL-Central,"('CHN', 'CIN', 'MIL', 'PIT', 'SLN')"
2021,MLB,NL-West,"('ARI', 'COL', 'LAN', 'SDN', 'SFN')"
2022,MLB,AL-East,"('BAL', 'BOS', 'NYA', 'TBA', 'TOR')"
2022,MLB,AL-Central,"('CHA', 'CLE', 'DET', 'KCA', 'MIN')"
2022,MLB,AL-West,"('ANA', 'HOU', 'OAK', 'SEA', 'TEX')"
2022,MLB,NL-East,"('ATL', 'MIA', 'NYN', 'PHI', 'WAS')"
2022,MLB,NL-Central,"('CHN', 'CIN', 'MIL', 'PIT', 'SLN')"
2022,MLB,NL-West,"('ARI', 'COL', 'LAN', 'SDN', 'SFN')"
2023,MLB,AL-East,"('BAL', 'BOS', 'NYA', 'TBA', 'TOR')"
2023,MLB,AL-Central,"('CHA', 'CLE', 'DET', 'KCA', 'MIN')"
2023,MLB,AL-West,"('ANA', 'HOU', 'OAK', 'SEA', 'TEX')"
2023,MLB,NL-East,"('ATL', 'MIA', 'NYN', 'PHI', 'WAS')"
2023,MLB,NL-Central,"('CHN', 'CIN', 'MIL', 'PIT', 'SLN')"
2023,MLB,NL-West,"('ARI', 'COL', 'LAN', 'SDN', 'SFN')"
2024,MLB,AL-East,"('BAL', 'BOS', 'NYA', 'TBA', 'TOR')"
2024,MLB,AL-Central,"('CHA', 'CLE', 'DET', 'KCA', 'MIN')"
2024,MLB,AL-West,"('ANA', 'HOU', 'OAK', 'SEA', 'TEX')"
2024,MLB,NL-East,"('ATL', 'MIA', 'NYN', 'PHI', 'WAS')"
2024,MLB,NL-Central,"('CHN', 'CIN', 'MIL', 'PIT', 'SLN')"
2024,MLB,NL-West,"('ARI', 'COL', 'LAN', 'SDN', 'SFN')"
