season,league,division,team,wins
2014,MLB,AL-Central,CHA,0
2014,MLB,AL-Central,KCA,2
2014,MLB,AL-Central,MIN,2
2014,MLB,AL-Central,CLE,3
2014,MLB,AL-Central,DET,3
2014,MLB,AL-East,BOS,0
2014,MLB,AL-East,NYA,2
2014,MLB,AL-East,TBA,2
2014,MLB,AL-East,TOR,2
2014,MLB,AL-East,BAL,4
2014,MLB,AL-West,HOU,1
2014,MLB,AL-West,OAK,1
2014,MLB,AL-West,TEX,2
2014,MLB,AL-West,ANA,3
2014,MLB,AL-West,SEA,3
2014,MLB,NL-Central,CHN,1
2014,MLB,NL-Central,MIL,1
2014,MLB,NL-Central,PIT,1
2014,MLB,NL-Central,CIN,3
2014,MLB,NL-Central,SLN,4
2014,MLB,NL-East,MIA,1
2014,MLB,NL-East,ATL,2
2014,MLB,NL-East,PHI,2
2014,MLB,NL-East,WAS,2
2014,MLB,NL-East,NYN,3
2014,MLB,NL-West,ARI,1
2014,MLB,NL-West,SDN,1
2014,MLB,NL-West,SFN,1
2014,MLB,NL-West,COL,3
2014,MLB,NL-West,LAN,4
2015,MLB,AL-Central,CLE,0
2015,MLB,AL-Central,CHA,1
2015,MLB,AL-Central,MIN,2
2015,MLB,AL-Central,DET,3
2015,MLB,AL-Central,KCA,4
2015,MLB,AL-East,BOS,1
2015,MLB,AL-East,NYA,2
2015,MLB,AL-East,TBA,2
2015,MLB,AL-East,TOR,2
2015,MLB,AL-East,BAL,3
2015,MLB,AL-West,OAK,1
2015,MLB,AL-West,TEX,1
2015,MLB,AL-West,SEA,2
2015,MLB,AL-West,ANA,3
2015,MLB,AL-West,HOU,3
2015,MLB,NL-Central,PIT,0
2015,MLB,NL-Central,CIN,1
2015,MLB,NL-Central,MIL,2
2015,MLB,NL-Central,CHN,3
2015,MLB,NL-Central,SLN,4
2015,MLB,NL-East,MIA,0
2015,MLB,NL-East,PHI,1
2015,MLB,NL-East,ATL,2
2015,MLB,NL-East,WAS,3
2015,MLB,NL-East,NYN,4
2015,MLB,NL-West,COL,1
2015,MLB,NL-West,ARI,2
2015,MLB,NL-West,SDN,2
2015,MLB,NL-West,SFN,2
2015,MLB,NL-West,LAN,3
2016,MLB,AL-Central,MIN,0
2016,MLB,AL-Central,CHA,1
2016,MLB,AL-Central,DET,2
2016,MLB,AL-Central,KCA,3
2016,MLB,AL-Central,CLE,4
2016,MLB,AL-East,NYA,1
2016,MLB,AL-East,TBA,1
2016,MLB,AL-East,BAL,2
2016,MLB,AL-East,BOS,3
2016,MLB,AL-East,TOR,3
2016,MLB,AL-West,OAK,0
2016,MLB,AL-West,ANA,1
2016,MLB,AL-West,SEA,2
2016,MLB,AL-West,HOU,3
2016,MLB,AL-West,TEX,4
2016,MLB,NL-Central,MIL,0
2016,MLB,NL-Central,CIN,1
2016,MLB,NL-Central,PIT,2
2016,MLB,NL-Central,SLN,3
2016,MLB,NL-Central,CHN,4
2016,MLB,NL-East,MIA,0
2016,MLB,NL-East,PHI,1
2016,MLB,NL-East,NYN,2
2016,MLB,NL-East,ATL,3
2016,MLB,NL-East,WAS,4
2016,MLB,NL-West,SDN,0
2016,MLB,NL-West,COL,1
2016,MLB,NL-West,ARI,2
2016,MLB,NL-West,LAN,3
2016,MLB,NL-West,SFN,4
2017,MLB,AL-Central,DET,0
2017,MLB,AL-Central,KCA,1
2017,MLB,AL-Central,CHA,2
2017,MLB,AL-Central,MIN,3
2017,MLB,AL-Central,CLE,4
2017,MLB,AL-East,TBA,1
2017,MLB,AL-East,BAL,2
2017,MLB,AL-East,BOS,2
2017,MLB,AL-East,TOR,2
2017,MLB,AL-East,NYA,3
2017,MLB,AL-West,OAK,1
2017,MLB,AL-West,TEX,1
2017,MLB,AL-West,ANA,2
2017,MLB,AL-West,SEA,2
2017,MLB,AL-West,HOU,4
2017,MLB,NL-Central,CIN,1
2017,MLB,NL-Central,PIT,1
2017,MLB,NL-Central,MIL,2
2017,MLB,NL-Central,SLN,2
2017,MLB,NL-Central,CHN,4
2017,MLB,NL-East,ATL,1
2017,MLB,NL-East,MIA,1
2017,MLB,NL-East,NYN,2
2017,MLB,NL-East,PHI,2
2017,MLB,NL-East,WAS,4
2017,MLB,NL-West,SFN,0
2017,MLB,NL-West,SDN,1
2017,MLB,NL-West,LAN,2
2017,MLB,NL-West,COL,3
2017,MLB,NL-West,ARI,4
2018,MLB,AL-Central,CHA,1
2018,MLB,AL-Central,DET,1
2018,MLB,AL-Central,KCA,2
2018,MLB,AL-Central,MIN,2
2018,MLB,AL-Central,CLE,4
2018,MLB,AL-East,BAL,0
2018,MLB,AL-East,TOR,1
2018,MLB,AL-East,TBA,2
2018,MLB,AL-East,NYA,3
2018,MLB,AL-East,BOS,4
2018,MLB,AL-West,TEX,0
2018,MLB,AL-West,OAK,1
2018,MLB,AL-West,ANA,2
2018,MLB,AL-West,HOU,3
2018,MLB,AL-West,SEA,4
2018,MLB,NL-Central,CIN,0
2018,MLB,NL-Central,MIL,2
2018,MLB,NL-Central,PIT,2
2018,MLB,NL-Central,CHN,3
2018,MLB,NL-Central,SLN,3
2018,MLB,NL-East,MIA,0
2018,MLB,NL-East,PHI,1
2018,MLB,NL-East,WAS,2
2018,MLB,NL-East,NYN,3
2018,MLB,NL-East,ATL,4
2018,MLB,NL-West,SDN,0
2018,MLB,NL-West,ARI,2
2018,MLB,NL-West,SFN,2
2018,MLB,NL-West,COL,3
2018,MLB,NL-West,LAN,3
2019,MLB,AL-Central,DET,1
2019,MLB,AL-Central,KCA,1
2019,MLB,AL-Central,CHA,2
2019,MLB,AL-Central,CLE,3
2019,MLB,AL-Central,MIN,3
2019,MLB,AL-East,BAL,0
2019,MLB,AL-East,TOR,1
2019,MLB,AL-East,BOS,2
2019,MLB,AL-East,TBA,3
2019,MLB,AL-East,NYA,4
2019,MLB,AL-West,SEA,0
2019,MLB,AL-West,ANA,1
2019,MLB,AL-West,TEX,2
2019,MLB,AL-West,OAK,3
2019,MLB,AL-West,HOU,4
2019,MLB,NL-Central,CHN,1
2019,MLB,NL-Central,CIN,1
2019,MLB,NL-Central,PIT,1
2019,MLB,NL-Central,MIL,3
2019,MLB,NL-Central,SLN,4
2019,MLB,NL-East,MIA,1
2019,MLB,NL-East,NYN,2
2019,MLB,NL-East,PHI,2
2019,MLB,NL-East,WAS,2
2019,MLB,NL-East,ATL,3
2019,MLB,NL-West,SDN,0
2019,MLB,NL-West,ARI,2
2019,MLB,NL-West,COL,2
2019,MLB,NL-West,SFN,2
2019,MLB,NL-West,LAN,4
2020,MLB,AL-Central,DET,0
2020,MLB,AL-Central,KCA,1
2020,MLB,AL-Central,CHA,2
2020,MLB,AL-Central,CLE,2
2020,MLB,AL-Central,MIN,2
2020,MLB,AL-East,BAL,0
2020,MLB,AL-East,BOS,0
2020,MLB,AL-East,TOR,1
2020,MLB,AL-East,NYA,2
2020,MLB,AL-East,TBA,4
2020,MLB,AL-West,ANA,1
2020,MLB,AL-West,HOU,1
2020,MLB,AL-West,SEA,1
2020,MLB,AL-West,TEX,1
2020,MLB,AL-West,OAK,4
2020,MLB,NL-Central,MIL,0
2020,MLB,NL-Central,PIT,0
2020,MLB,NL-Central,CHN,2
2020,MLB,NL-Central,CIN,2
2020,MLB,NL-Central,SLN,2
2020,MLB,NL-East,NYN,1
2020,MLB,NL-East,WAS,1
2020,MLB,NL-East,MIA,2
2020,MLB,NL-East,PHI,2
2020,MLB,NL-East,ATL,3
2020,MLB,NL-West,ARI,0
2020,MLB,NL-West,COL,1
2020,MLB,NL-West,SFN,1
2020,MLB,NL-West,SDN,2
2020,MLB,NL-West,LAN,4
2021,MLB,AL-Central,DET,0
2021,MLB,AL-Central,CLE,2
2021,MLB,AL-Central,MIN,2
2021,MLB,AL-Central,CHA,3
2021,MLB,AL-Central,KCA,3
2021,MLB,AL-East,BAL,0
2021,MLB,AL-East,NYA,1
2021,MLB,AL-East,TOR,2
2021,MLB,AL-East,BOS,3
2021,MLB,AL-East,TBA,4
2021,MLB,AL-West,TEX,0
2021,MLB,AL-West,ANA,1
2021,MLB,AL-West,OAK,2
2021,MLB,AL-West,SEA,3
2021,MLB,AL-West,HOU,4
2021,MLB,NL-Central,PIT,0
2021,MLB,NL-Central,CHN,1
2021,MLB,NL-Central,CIN,3
2021,MLB,NL-Central,MIL,3
2021,MLB,NL-Central,SLN,3
2021,MLB,NL-East,MIA,1
2021,MLB,NL-East,WAS,1
2021,MLB,NL-East,NYN,2
2021,MLB,NL-East,PHI,2
2021,MLB,NL-East,ATL,4
2021,MLB,NL-West,ARI,0
2021,MLB,NL-West,SDN,1
2021,MLB,NL-West,COL,2
2021,MLB,NL-West,LAN,3
2021,MLB,NL-West,SFN,4
2022,MLB,AL-Central,CHA,1
2022,MLB,AL-Central,DET,1
2022,MLB,AL-Central,KCA,1
2022,MLB,AL-Central,MIN,3
2022,MLB,AL-Central,CLE,4
2022,MLB,AL-East,BAL,0
2022,MLB,AL-East,BOS,1
2022,MLB,AL-East,TOR,2
2022,MLB,AL-East,TBA,3
2022,MLB,AL-East,NYA,4
2022,MLB,AL-West,OAK,0
2022,MLB,AL-West,ANA,2
2022,MLB,AL-West,SEA,2
2022,MLB,AL-West,TEX,2
2022,MLB,AL-West,HOU,4
2022,MLB,NL-Central,CIN,0
2022,MLB,NL-Central,PIT,1
2022,MLB,NL-Central,MIL,2
2022,MLB,NL-Central,CHN,3
2022,MLB,NL-Central,SLN,4
2022,MLB,NL-East,WAS,0
2022,MLB,NL-East,MIA,1
2022,MLB,NL-East,PHI,2
2022,MLB,NL-East,NYN,3
2022,MLB,NL-East,ATL,4
2022,MLB,NL-West,ARI,1
2022,MLB,NL-West,SFN,1
2022,MLB,NL-West,COL,2
2022,MLB,NL-West,SDN,2
2022,MLB,NL-West,LAN,4
2023,MLB,AL-Central,CHA,1
2023,MLB,AL-Central,KCA,1
2023,MLB,AL-Central,CLE,2
2023,MLB,AL-Central,MIN,2
2023,MLB,AL-Central,DET,4
2023,MLB,AL-East,TOR,0
2023,MLB,AL-East,NYA,1
2023,MLB,AL-East,BOS,2
2023,MLB,AL-East,TBA,3
2023,MLB,AL-East,BAL,4
2023,MLB,AL-West,OAK,0
2023,MLB,AL-West,ANA,1
2023,MLB,AL-West,HOU,3
2023,MLB,AL-West,SEA,3
2023,MLB,AL-West,TEX,3
2023,MLB,NL-Central,CIN,1
2023,MLB,NL-Central,SLN,1
2023,MLB,NL-Central,CHN,2
2023,MLB,NL-Central,PIT,2
2023,MLB,NL-Central,MIL,4
2023,MLB,NL-East,WAS,0
2023,MLB,NL-East,MIA,2
2023,MLB,NL-East,NYN,2
2023,MLB,NL-East,PHI,2
2023,MLB,NL-East,ATL,4
2023,MLB,NL-West,COL,0
2023,MLB,NL-West,SFN,1
2023,MLB,NL-West,SDN,2
2023,MLB,NL-West,ARI,3
2023,MLB,NL-West,LAN,4
2024,MLB,AL-Central,CHA,0
2024,MLB,AL-Central,DET,1
2024,MLB,AL-Central,CLE,3
2024,MLB,AL-Central,KCA,3
2024,MLB,AL-Central,MIN,3
2024,MLB,AL-East,TOR,0
2024,MLB,AL-East,BOS,1
2024,MLB,AL-East,TBA,2
2024,MLB,AL-East,NYA,3
2024,MLB,AL-East,BAL,4
2024,MLB,AL-West,ANA,1
2024,MLB,AL-West,OAK,1
2024,MLB,AL-West,TEX,2
2024,MLB,AL-West,HOU,3
2024,MLB,AL-West,SEA,3
2024,MLB,NL-Central,CHN,1
2024,MLB,NL-Central,PIT,1
2024,MLB,NL-Central,CIN,2
2024,MLB,NL-Central,SLN,2
2024,MLB,NL-Central,MIL,4
2024,MLB,NL-East,MIA,0
2024,MLB,NL-East,NYN,2
2024,MLB,NL-East,WAS,2
2024,MLB,NL-East,ATL,3
2024,MLB,NL-East,PHI,3
2024,MLB,NL-West,COL,1
2024,MLB,NL-West,SFN,1
2024,MLB,NL-West,ARI,2
2024,MLB,NL-West,LAN,3
2024,MLB,NL-West,SDN,3
