season,league,division,upset
1985,MLB,AL-East,4
1985,MLB,AL-West,4
1985,MLB,NL-East,2
1985,MLB,NL-West,1
1986,MLB,AL-East,4
1986,MLB,AL-West,2
1986,MLB,NL-East,4
1986,MLB,NL-West,0
1987,MLB,AL-East,1
1987,MLB,AL-West,3
1987,MLB,NL-East,1
1987,MLB,NL-West,2
1988,MLB,AL-East,3
1988,MLB,AL-West,3
1988,MLB,NL-East,1
1988,MLB,NL-West,0
1989,MLB,AL-East,3
1989,MLB,AL-West,0
1989,MLB,NL-East,1
1989,MLB,NL-West,1
1990,MLB,AL-East,4
1990,MLB,AL-West,1
1990,MLB,NL-East,2
1990,MLB,NL-West,1
1991,MLB,AL-East,4
1991,MLB,AL-West,4
1991,MLB,NL-East,1
1991,MLB,NL-West,1
1992,MLB,AL-East,4
1992,MLB,AL-West,2
1992,MLB,NL-East,1
1992,MLB,NL-West,0
1993,MLB,AL-East,1
1993,MLB,AL-West,3
1993,MLB,NL-East,2
1993,MLB,NL-West,4
1994,MLB,AL-Central,2
1994,MLB,AL-East,1
1994,MLB,AL-West,0
1994,MLB,NL-Central,0
1994,MLB,NL-East,0
1994,MLB,NL-West,0
1995,MLB,AL-Central,1
1995,MLB,AL-East,0
1995,MLB,AL-West,1
1995,MLB,NL-Central,0
1995,MLB,NL-East,2
1995,MLB,NL-West,0
1996,MLB,AL-Central,0
1996,MLB,AL-East,0
1996,MLB,AL-West,0
1996,MLB,NL-Central,0
1996,MLB,NL-East,2
1996,MLB,NL-West,1
1997,MLB,AL-Central,0
1997,MLB,AL-East,1
1997,MLB,AL-West,0
1997,MLB,NL-Central,1
1997,MLB,NL-East,0
1997,MLB,NL-West,0
1998,MLB,AL-Central,0
1998,MLB,AL-East,0
1998,MLB,AL-West,0
1998,MLB,NL-Central,4
1998,MLB,NL-East,1
1998,MLB,NL-West,0
1999,MLB,AL-Central,0
1999,MLB,AL-East,1
1999,MLB,AL-West,0
1999,MLB,NL-Central,1
1999,MLB,NL-East,0
1999,MLB,NL-West,2
2000,MLB,AL-Central,0
2000,MLB,AL-East,2
2000,MLB,AL-West,1
2000,MLB,NL-Central,1
2000,MLB,NL-East,1
2000,MLB,NL-West,0
2001,MLB,AL-Central,0
2001,MLB,AL-East,0
2001,MLB,AL-West,0
2001,MLB,NL-Central,2
2001,MLB,NL-East,1
2001,MLB,NL-West,0
2002,MLB,AL-Central,0
2002,MLB,AL-East,0
2002,MLB,AL-West,0
2002,MLB,NL-Central,0
2002,MLB,NL-East,1
2002,MLB,NL-West,0
2003,MLB,AL-Central,0
2003,MLB,AL-East,0
2003,MLB,AL-West,0
2003,MLB,NL-Central,2
2003,MLB,NL-East,0
2003,MLB,NL-West,1
2004,MLB,AL-Central,1
2004,MLB,AL-East,0
2004,MLB,AL-West,0
2004,MLB,NL-Central,0
2004,MLB,NL-East,0
2004,MLB,NL-West,0
2005,MLB,AL-Central,0
2005,MLB,AL-East,1
2005,MLB,AL-West,0
2005,MLB,NL-Central,2
2005,MLB,NL-East,0
2005,MLB,NL-West,2
2006,MLB,AL-Central,1
2006,MLB,AL-East,0
2006,MLB,AL-West,0
2006,MLB,NL-Central,3
2006,MLB,NL-East,1
2006,MLB,NL-West,2
2007,MLB,AL-Central,0
2007,MLB,AL-East,0
2007,MLB,AL-West,1
2007,MLB,NL-Central,1
2007,MLB,NL-East,0
2007,MLB,NL-West,0
2008,MLB,AL-Central,0
2008,MLB,AL-East,1
2008,MLB,AL-West,0
2008,MLB,NL-Central,2
2008,MLB,NL-East,2
2008,MLB,NL-West,0
2009,MLB,AL-Central,0
2009,MLB,AL-East,0
2009,MLB,AL-West,1
2009,MLB,NL-Central,1
2009,MLB,NL-East,0
2009,MLB,NL-West,1
2010,MLB,AL-Central,0
2010,MLB,AL-East,1
2010,MLB,AL-West,0
2010,MLB,NL-Central,2
2010,MLB,NL-East,1
2010,MLB,NL-West,1
2011,MLB,AL-Central,1
2011,MLB,AL-East,1
2011,MLB,AL-West,0
2011,MLB,NL-Central,1
2011,MLB,NL-East,2
2011,MLB,NL-West,0
2012,MLB,AL-Central,1
2012,MLB,AL-East,0
2012,MLB,AL-West,0
2012,MLB,NL-Central,1
2012,MLB,NL-East,1
2012,MLB,NL-West,0
2013,MLB,AL-Central,0
2013,MLB,AL-East,1
2013,MLB,AL-West,2
2013,MLB,NL-Central,0
2013,MLB,NL-East,0
2013,MLB,NL-West,1
2014,MLB,AL-Central,1
2014,MLB,AL-East,0
2014,MLB,AL-West,2
2014,MLB,NL-Central,0
2014,MLB,NL-East,2
2014,MLB,NL-West,0
2015,MLB,AL-Central,0
2015,MLB,AL-East,2
2015,MLB,AL-West,1
2015,MLB,NL-Central,0
2015,MLB,NL-East,0
2015,MLB,NL-West,2
2016,MLB,AL-Central,0
2016,MLB,AL-East,1
2016,MLB,AL-West,0
2016,MLB,NL-Central,0
2016,MLB,NL-East,0
2016,MLB,NL-West,0
2017,MLB,AL-Central,0
2017,MLB,AL-East,2
2017,MLB,AL-West,1
2017,MLB,NL-Central,1
2017,MLB,NL-East,1
2017,MLB,NL-West,0
2018,MLB,AL-Central,1
2018,MLB,AL-East,0
2018,MLB,AL-West,0
2018,MLB,NL-Central,1
2018,MLB,NL-East,0
2018,MLB,NL-West,1
2019,MLB,AL-Central,2
2019,MLB,AL-East,0
2019,MLB,AL-West,0
2019,MLB,NL-Central,0
2019,MLB,NL-East,2
2019,MLB,NL-West,0
2020,MLB,AL-Central,0
2020,MLB,AL-East,0
2020,MLB,AL-West,0
2020,MLB,NL-Central,0
2020,MLB,NL-East,1
2020,MLB,NL-West,0
2021,MLB,AL-Central,1
2021,MLB,AL-East,0
2021,MLB,AL-West,0
2021,MLB,NL-Central,0
2021,MLB,NL-East,1
2021,MLB,NL-West,0
2022,MLB,AL-Central,0
2022,MLB,AL-East,0
2022,MLB,AL-West,0
2022,MLB,NL-Central,0
2022,MLB,NL-East,0
2022,MLB,NL-West,1
2023,MLB,AL-Central,1
2023,MLB,AL-East,0
2023,MLB,AL-West,0
2023,MLB,NL-Central,1
2023,MLB,NL-East,0
2023,MLB,NL-West,0
2024,MLB,AL-Central,0
2024,MLB,AL-East,0
2024,MLB,AL-West,1
2024,MLB,NL-Central,1
2024,MLB,NL-East,1
2024,MLB,NL-West,1
